book_id,title,author,genre
742,Animal Farm,George Orwell,Political Satire
1918,The Little Prince,Antoine de Saint-Exupéry,Fiction
209,The Great Gatsby,F. Scott Fitzgerald,Classic
1547,Pride and Prejudice,Jane Austen,Classic
283,Harry Potter and the Philosopher's Stone,J.K. Rowling,Fantasy
480,And Then There Were None,Agatha Christie,Mystery
1081,1984,George Orwell,Dystopian
1892,Brave New World,Aldous Huxley,Dystopian
112,Brave New World,Aldous Huxley,Dystopian
1475,Angels & Demons,Dan Brown,Thriller
1893,Fahrenheit 451,Ray Bradbury,Dystopian
619,Murder on the Orient Express,Agatha Christie,Mystery
421,1984,George Orwell,Dystopian
1681,1984,George Orwell,Dystopian
1967,Pride and Prejudice,Jane Austen,Classic
1407,Pride and Prejudice,Jane Austen,Classic
1469,The Great Gatsby,F. Scott Fitzgerald,Classic
1611,The Catcher in the Rye,J.D. Salinger,Classic
1993,Fahrenheit 451,Ray Bradbury,Dystopian
651,The Catcher in the Rye,J.D. Salinger,Classic
1221,1984,George Orwell,Dystopian
1856,The Girl with the Dragon Tattoo,Stieg Larsson,Crime
1972,Brave New World,Aldous Huxley,Dystopian
1742,Animal Farm,George Orwell,Political Satire
411,The Catcher in the Rye,J.D. Salinger,Classic
675,Angels & Demons,Dan Brown,Thriller
846,The Lord of the Rings,J.R.R. Tolkien,Fantasy
1196,The Girl with the Dragon Tattoo,Stieg Larsson,Crime
1668,Sense and Sensibility,Jane Austen,Classic
101,1984,George Orwell,Dystopian
678,The Little Prince,Antoine de Saint-Exupéry,Fiction
621,1984,George Orwell,Dystopian
355,Angels & Demons,Dan Brown,Thriller
793,Fahrenheit 451,Ray Bradbury,Dystopian
531,The Catcher in the Rye,J.D. Salinger,Classic
508,Sense and Sensibility,Jane Austen,Classic
30,To Kill a Mockingbird,Harper Lee,Classic
45,The Hobbit,J.R.R. Tolkien,Fantasy
942,Animal Farm,George Orwell,Political Satire
212,Brave New World,Aldous Huxley,Dystopian
1988,Sense and Sensibility,Jane Austen,Classic
788,Sense and Sensibility,Jane Austen,Classic
451,The Catcher in the Rye,J.D. Salinger,Classic
789,The Great Gatsby,F. Scott Fitzgerald,Classic
1698,The Little Prince,Antoine de Saint-Exupéry,Fiction
965,The Hobbit,J.R.R. Tolkien,Fantasy
1676,The Girl with the Dragon Tattoo,Stieg Larsson,Crime
1658,The Little Prince,Antoine de Saint-Exupéry,Fiction
671,The Catcher in the Rye,J.D. Salinger,Classic
1318,The Little Prince,Antoine de Saint-Exupéry,Fiction
1079,Murder on the Orient Express,Agatha Christie,Mystery
1384,Harry Potter and the Chamber of Secrets,J.K. Rowling,Fantasy
706,The Lord of the Rings,J.R.R. Tolkien,Fantasy
1447,Pride and Prejudice,Jane Austen,Classic
756,The Girl with the Dragon Tattoo,Stieg Larsson,Crime
964,Harry Potter and the Chamber of Secrets,J.K. Rowling,Fantasy
1122,Animal Farm,George Orwell,Political Satire
180,And Then There Were None,Agatha Christie,Mystery
1183,Harry Potter and the Philosopher's Stone,J.K. Rowling,Fantasy
1375,Angels & Demons,Dan Brown,Thriller
927,Pride and Prejudice,Jane Austen,Classic
135,Angels & Demons,Dan Brown,Thriller
648,Sense and Sensibility,Jane Austen,Classic
1554,The Da Vinci Code,Dan Brown,Thriller
1288,Sense and Sensibility,Jane Austen,Classic
1138,The Little Prince,Antoine de Saint-Exupéry,Fiction
1848,Sense and Sensibility,Jane Austen,Classic
1402,Animal Farm,George Orwell,Political Satire
841,1984,George Orwell,Dystopian
643,Harry Potter and the Philosopher's Stone,J.K. Rowling,Fantasy
808,Sense and Sensibility,Jane Austen,Classic
1305,The Hobbit,J.R.R. Tolkien,Fantasy
765,The Hobbit,J.R.R. Tolkien,Fantasy
465,The Hobbit,J.R.R. Tolkien,Fantasy
1826,The Lord of the Rings,J.R.R. Tolkien,Fantasy
1453,Fahrenheit 451,Ray Bradbury,Dystopian
367,Pride and Prejudice,Jane Austen,Classic
1833,Fahrenheit 451,Ray Bradbury,Dystopian
1804,Harry Potter and the Chamber of Secrets,J.K. Rowling,Fantasy
1442,Animal Farm,George Orwell,Political Satire
1524,Harry Potter and the Chamber of Secrets,J.K. Rowling,Fantasy
1230,To Kill a Mockingbird,Harper Lee,Classic
1361,1984,George Orwell,Dystopian
1926,The Lord of the Rings,J.R.R. Tolkien,Fantasy
1121,1984,George Orwell,Dystopian
433,Fahrenheit 451,Ray Bradbury,Dystopian
1638,The Little Prince,Antoine de Saint-Exupéry,Fiction
582,Animal Farm,George Orwell,Political Satire
1853,Fahrenheit 451,Ray Bradbury,Dystopian
1939,Murder on the Orient Express,Agatha Christie,Mystery
57,The Alchemist,Paulo Coelho,Fiction
820,And Then There Were None,Agatha Christie,Mystery
1059,Murder on the Orient Express,Agatha Christie,Mystery
458,The Little Prince,Antoine de Saint-Exupéry,Fiction
472,Brave New World,Aldous Huxley,Dystopian
1973,Fahrenheit 451,Ray Bradbury,Dystopian
1118,The Little Prince,Antoine de Saint-Exupéry,Fiction
924,Harry Potter and the Chamber of Secrets,J.K. Rowling,Fantasy
1621,1984,George Orwell,Dystopian
431,The Catcher in the Rye,J.D. Salinger,Classic
1462,Animal Farm,George Orwell,Political Satire
696,The Girl with the Dragon Tattoo,Stieg Larsson,Crime
1331,The Catcher in the Rye,J.D. Salinger,Classic
999,Murder on the Orient Express,Agatha Christie,Mystery
1948,Sense and Sensibility,Jane Austen,Classic
1821,1984,George Orwell,Dystopian
863,Harry Potter and the Philosopher's Stone,J.K. Rowling,Fantasy
1721,1984,George Orwell,Dystopian
1725,The Hobbit,J.R.R. Tolkien,Fantasy
1710,To Kill a Mockingbird,Harper Lee,Classic
695,Angels & Demons,Dan Brown,Thriller
248,Sense and Sensibility,Jane Austen,Classic
1764,Harry Potter and the Chamber of Secrets,J.K. Rowling,Fantasy
1819,Murder on the Orient Express,Agatha Christie,Mystery
481,1984,George Orwell,Dystopian
97,The Alchemist,Paulo Coelho,Fiction
1647,Pride and Prejudice,Jane Austen,Classic
57,The Alchemist,Paulo Coelho,Fiction
612,Brave New World,Aldous Huxley,Dystopian
409,The Great Gatsby,F. Scott Fitzgerald,Classic
529,The Great Gatsby,F. Scott Fitzgerald,Classic
1473,Fahrenheit 451,Ray Bradbury,Dystopian
747,Pride and Prejudice,Jane Austen,Classic
1888,Sense and Sensibility,Jane Austen,Classic
1076,The Girl with the Dragon Tattoo,Stieg Larsson,Crime
415,Angels & Demons,Dan Brown,Thriller
441,1984,George Orwell,Dystopian
1887,Pride and Prejudice,Jane Austen,Classic
189,The Great Gatsby,F. Scott Fitzgerald,Classic
1570,To Kill a Mockingbird,Harper Lee,Classic
1667,Pride and Prejudice,Jane Austen,Classic
417,The Alchemist,Paulo Coelho,Fiction
1246,The Lord of the Rings,J.R.R. Tolkien,Fantasy
473,Fahrenheit 451,Ray Bradbury,Dystopian
271,The Catcher in the Rye,J.D. Salinger,Classic
483,Harry Potter and the Philosopher's Stone,J.K. Rowling,Fantasy
368,Sense and Sensibility,Jane Austen,Classic
1648,Sense and Sensibility,Jane Austen,Classic
424,Harry Potter and the Chamber of Secrets,J.K. Rowling,Fantasy
1540,And Then There Were None,Agatha Christie,Mystery
1319,Murder on the Orient Express,Agatha Christie,Mystery
671,The Catcher in the Rye,J.D. Salinger,Classic
1062,Animal Farm,George Orwell,Political Satire
291,The Catcher in the Rye,J.D. Salinger,Classic
1746,The Lord of the Rings,J.R.R. Tolkien,Fantasy
1627,Pride and Prejudice,Jane Austen,Classic
197,The Alchemist,Paulo Coelho,Fiction
907,Pride and Prejudice,Jane Austen,Classic
1302,Animal Farm,George Orwell,Political Satire
1186,The Lord of the Rings,J.R.R. Tolkien,Fantasy
1415,Angels & Demons,Dan Brown,Thriller
931,The Catcher in the Rye,J.D. Salinger,Classic
1042,Animal Farm,George Orwell,Political Satire
384,Harry Potter and the Chamber of Secrets,J.K. Rowling,Fantasy
1238,The Little Prince,Antoine de Saint-Exupéry,Fiction
941,1984,George Orwell,Dystopian
1613,Fahrenheit 451,Ray Bradbury,Dystopian
71,The Catcher in the Rye,J.D. Salinger,Classic
889,The Great Gatsby,F. Scott Fitzgerald,Classic
631,The Catcher in the Rye,J.D. Salinger,Classic
932,Brave New World,Aldous Huxley,Dystopian
1293,Fahrenheit 451,Ray Bradbury,Dystopian
1208,Sense and Sensibility,Jane Austen,Classic
508,Sense and Sensibility,Jane Austen,Classic
1875,Angels & Demons,Dan Brown,Thriller
882,Animal Farm,George Orwell,Political Satire
1693,Fahrenheit 451,Ray Bradbury,Dystopian
756,The Girl with the Dragon Tattoo,Stieg Larsson,Crime
1995,Angels & Demons,Dan Brown,Thriller
856,The Girl with the Dragon Tattoo,Stieg Larsson,Crime
938,The Little Prince,Antoine de Saint-Exupéry,Fiction
158,The Little Prince,Antoine de Saint-Exupéry,Fiction
1612,Brave New World,Aldous Huxley,Dystopian
136,The Girl with the Dragon Tattoo,Stieg Larsson,Crime
1737,The Alchemist,Paulo Coelho,Fiction
1114,The Da Vinci Code,Dan Brown,Thriller
1981,1984,George Orwell,Dystopian
1341,1984,George Orwell,Dystopian
496,The Girl with the Dragon Tattoo,Stieg Larsson,Crime
811,The Catcher in the Rye,J.D. Salinger,Classic
52,Brave New World,Aldous Huxley,Dystopian
1964,Harry Potter and the Chamber of Secrets,J.K. Rowling,Fantasy
1791,The Catcher in the Rye,J.D. Salinger,Classic
1264,Harry Potter and the Chamber of Secrets,J.K. Rowling,Fantasy
1383,Harry Potter and the Philosopher's Stone,J.K. Rowling,Fantasy
260,And Then There Were None,Agatha Christie,Mystery
1674,The Da Vinci Code,Dan Brown,Thriller
1704,Harry Potter and the Chamber of Secrets,J.K. Rowling,Fantasy
68,Sense and Sensibility,Jane Austen,Classic
1652,Brave New World,Aldous Huxley,Dystopian
1726,The Lord of the Rings,J.R.R. Tolkien,Fantasy
1037,The Alchemist,Paulo Coelho,Fiction
486,The Lord of the Rings,J.R.R. Tolkien,Fantasy
252,Brave New World,Aldous Huxley,Dystopian
1404,Harry Potter and the Chamber of Secrets,J.K. Rowling,Fantasy
219,Murder on the Orient Express,Agatha Christie,Mystery
1133,Fahrenheit 451,Ray Bradbury,Dystopian
436,The Girl with the Dragon Tattoo,Stieg Larsson,Crime
1669,The Great Gatsby,F. Scott Fitzgerald,Classic
304,Harry Potter and the Chamber of Secrets,J.K. Rowling,Fantasy
407,Pride and Prejudice,Jane Austen,Classic
1581,1984,George Orwell,Dystopian
803,Harry Potter and the Philosopher's Stone,J.K. Rowling,Fantasy
1702,Animal Farm,George Orwell,Political Satire
1727,Pride and Prejudice,Jane Austen,Classic
70,To Kill a Mockingbird,Harper Lee,Classic
1608,Sense and Sensibility,Jane Austen,Classic
1299,Murder on the Orient Express,Agatha Christie,Mystery
1825,The Hobbit,J.R.R. Tolkien,Fantasy
1646,The Lord of the Rings,J.R.R. Tolkien,Fantasy
343,Harry Potter and the Philosopher's Stone,J.K. Rowling,Fantasy
1889,The Great Gatsby,F. Scott Fitzgerald,Classic
464,Harry Potter and the Chamber of Secrets,J.K. Rowling,Fantasy
308,Sense and Sensibility,Jane Austen,Classic
1602,Animal Farm,George Orwell,Political Satire
1286,The Lord of the Rings,J.R.R. Tolkien,Fantasy
809,The Great Gatsby,F. Scott Fitzgerald,Classic
953,Fahrenheit 451,Ray Bradbury,Dystopian
1358,The Little Prince,Antoine de Saint-Exupéry,Fiction
1865,The Hobbit,J.R.R. Tolkien,Fantasy
1045,The Hobbit,J.R.R. Tolkien,Fantasy
230,To Kill a Mockingbird,Harper Lee,Classic
1742,Animal Farm,George Orwell,Political Satire
556,The Girl with the Dragon Tattoo,Stieg Larsson,Crime
369,The Great Gatsby,F. Scott Fitzgerald,Classic
85,The Hobbit,J.R.R. Tolkien,Fantasy
1556,The Girl with the Dragon Tattoo,Stieg Larsson,Crime
1939,Murder on the Orient Express,Agatha Christie,Mystery
174,The Da Vinci Code,Dan Brown,Thriller
530,To Kill a Mockingbird,Harper Lee,Classic
74,The Da Vinci Code,Dan Brown,Thriller
322,Animal Farm,George Orwell,Political Satire
110,To Kill a Mockingbird,Harper Lee,Classic
1054,The Da Vinci Code,Dan Brown,Thriller
611,The Catcher in the Rye,J.D. Salinger,Classic
966,The Lord of the Rings,J.R.R. Tolkien,Fantasy
1429,The Great Gatsby,F. Scott Fitzgerald,Classic
1199,Murder on the Orient Express,Agatha Christie,Mystery
933,Fahrenheit 451,Ray Bradbury,Dystopian
743,Harry Potter and the Philosopher's Stone,J.K. Rowling,Fantasy
241,1984,George Orwell,Dystopian
204,Harry Potter and the Chamber of Secrets,J.K. Rowling,Fantasy
49,The Great Gatsby,F. Scott Fitzgerald,Classic
565,The Hobbit,J.R.R. Tolkien,Fantasy
1518,The Little Prince,Antoine de Saint-Exupéry,Fiction
673,Fahrenheit 451,Ray Bradbury,Dystopian
1996,The Girl with the Dragon Tattoo,Stieg Larsson,Crime
333,Fahrenheit 451,Ray Bradbury,Dystopian
1106,The Lord of the Rings,J.R.R. Tolkien,Fantasy
255,Angels & Demons,Dan Brown,Thriller
1869,The Great Gatsby,F. Scott Fitzgerald,Classic
427,Pride and Prejudice,Jane Austen,Classic
351,The Catcher in the Rye,J.D. Salinger,Classic
395,Angels & Demons,Dan Brown,Thriller
1751,The Catcher in the Rye,J.D. Salinger,Classic
1952,Brave New World,Aldous Huxley,Dystopian
1269,The Great Gatsby,F. Scott Fitzgerald,Classic
1345,The Hobbit,J.R.R. Tolkien,Fantasy
1557,The Alchemist,Paulo Coelho,Fiction
19,Murder on the Orient Express,Agatha Christie,Mystery
612,Brave New World,Aldous Huxley,Dystopian
1262,Animal Farm,George Orwell,Political Satire
1095,Angels & Demons,Dan Brown,Thriller
860,And Then There Were None,Agatha Christie,Mystery
870,To Kill a Mockingbird,Harper Lee,Classic
77,The Alchemist,Paulo Coelho,Fiction
1914,The Da Vinci Code,Dan Brown,Thriller
555,Angels & Demons,Dan Brown,Thriller
1930,To Kill a Mockingbird,Harper Lee,Classic
1790,To Kill a Mockingbird,Harper Lee,Classic
979,Murder on the Orient Express,Agatha Christie,Mystery
169,The Great Gatsby,F. Scott Fitzgerald,Classic
637,The Alchemist,Paulo Coelho,Fiction
1490,To Kill a Mockingbird,Harper Lee,Classic
1139,Murder on the Orient Express,Agatha Christie,Mystery
1928,Sense and Sensibility,Jane Austen,Classic
1509,The Great Gatsby,F. Scott Fitzgerald,Classic
528,Sense and Sensibility,Jane Austen,Classic
1042,Animal Farm,George Orwell,Political Satire
1454,The Da Vinci Code,Dan Brown,Thriller
980,And Then There Were None,Agatha Christie,Mystery
868,Sense and Sensibility,Jane Austen,Classic
1594,The Da Vinci Code,Dan Brown,Thriller
1747,Pride and Prejudice,Jane Austen,Classic
232,Brave New World,Aldous Huxley,Dystopian
136,The Girl with the Dragon Tattoo,Stieg Larsson,Crime
26,The Lord of the Rings,J.R.R. Tolkien,Fantasy
1841,1984,George Orwell,Dystopian
1199,Murder on the Orient Express,Agatha Christie,Mystery
768,Sense and Sensibility,Jane Austen,Classic
1506,The Lord of the Rings,J.R.R. Tolkien,Fantasy
193,Fahrenheit 451,Ray Bradbury,Dystopian
290,To Kill a Mockingbird,Harper Lee,Classic
211,The Catcher in the Rye,J.D. Salinger,Classic
1088,Sense and Sensibility,Jane Austen,Classic
1564,Harry Potter and the Chamber of Secrets,J.K. Rowling,Fantasy
606,The Lord of the Rings,J.R.R. Tolkien,Fantasy
479,Murder on the Orient Express,Agatha Christie,Mystery
129,The Great Gatsby,F. Scott Fitzgerald,Classic
652,Brave New World,Aldous Huxley,Dystopian
234,The Da Vinci Code,Dan Brown,Thriller
1545,The Hobbit,J.R.R. Tolkien,Fantasy
1107,Pride and Prejudice,Jane Austen,Classic
1422,Animal Farm,George Orwell,Political Satire
1874,The Da Vinci Code,Dan Brown,Thriller
178,The Little Prince,Antoine de Saint-Exupéry,Fiction
1534,The Da Vinci Code,Dan Brown,Thriller
1538,The Little Prince,Antoine de Saint-Exupéry,Fiction
830,To Kill a Mockingbird,Harper Lee,Classic
185,The Hobbit,J.R.R. Tolkien,Fantasy
1579,Murder on the Orient Express,Agatha Christie,Mystery
1885,The Hobbit,J.R.R. Tolkien,Fantasy
945,The Hobbit,J.R.R. Tolkien,Fantasy
1367,Pride and Prejudice,Jane Austen,Classic
299,Murder on the Orient Express,Agatha Christie,Mystery
553,Fahrenheit 451,Ray Bradbury,Dystopian
799,Murder on the Orient Express,Agatha Christie,Mystery
1531,The Catcher in the Rye,J.D. Salinger,Classic
252,Brave New World,Aldous Huxley,Dystopian
1917,The Alchemist,Paulo Coelho,Fiction
60,And Then There Were None,Agatha Christie,Mystery
1616,The Girl with the Dragon Tattoo,Stieg Larsson,Crime
179,Murder on the Orient Express,Agatha Christie,Mystery
1314,The Da Vinci Code,Dan Brown,Thriller
1018,The Little Prince,Antoine de Saint-Exupéry,Fiction
974,The Da Vinci Code,Dan Brown,Thriller
1495,Angels & Demons,Dan Brown,Thriller
1242,Animal Farm,George Orwell,Political Satire
1084,Harry Potter and the Chamber of Secrets,J.K. Rowling,Fantasy
1152,Brave New World,Aldous Huxley,Dystopian
545,The Hobbit,J.R.R. Tolkien,Fantasy
926,The Lord of the Rings,J.R.R. Tolkien,Fantasy
403,Harry Potter and the Philosopher's Stone,J.K. Rowling,Fantasy
434,The Da Vinci Code,Dan Brown,Thriller
1873,Fahrenheit 451,Ray Bradbury,Dystopian
1921,1984,George Orwell,Dystopian
1058,The Little Prince,Antoine de Saint-Exupéry,Fiction
510,To Kill a Mockingbird,Harper Lee,Classic
1338,The Little Prince,Antoine de Saint-Exupéry,Fiction
842,Animal Farm,George Orwell,Political Satire
1135,Angels & Demons,Dan Brown,Thriller
462,Animal Farm,George Orwell,Political Satire
1420,And Then There Were None,Agatha Christie,Mystery
630,To Kill a Mockingbird,Harper Lee,Classic
446,The Lord of the Rings,J.R.R. Tolkien,Fantasy
1412,Brave New World,Aldous Huxley,Dystopian
204,Harry Potter and the Chamber of Secrets,J.K. Rowling,Fantasy
175,Angels & Demons,Dan Brown,Thriller
299,Murder on the Orient Express,Agatha Christie,Mystery
121,1984,George Orwell,Dystopian
284,Harry Potter and the Chamber of Secrets,J.K. Rowling,Fantasy
679,Murder on the Orient Express,Agatha Christie,Mystery
353,Fahrenheit 451,Ray Bradbury,Dystopian
1787,Pride and Prejudice,Jane Austen,Classic
857,The Alchemist,Paulo Coelho,Fiction
515,Angels & Demons,Dan Brown,Thriller
276,The Girl with the Dragon Tattoo,Stieg Larsson,Crime
680,And Then There Were None,Agatha Christie,Mystery
591,The Catcher in the Rye,J.D. Salinger,Classic
1324,Harry Potter and the Chamber of Secrets,J.K. Rowling,Fantasy
451,The Catcher in the Rye,J.D. Salinger,Classic
1273,Fahrenheit 451,Ray Bradbury,Dystopian
1801,1984,George Orwell,Dystopian
1630,To Kill a Mockingbird,Harper Lee,Classic
1448,Sense and Sensibility,Jane Austen,Classic
1320,And Then There Were None,Agatha Christie,Mystery
1711,The Catcher in the Rye,J.D. Salinger,Classic
1823,Harry Potter and the Philosopher's Stone,J.K. Rowling,Fantasy
880,And Then There Were None,Agatha Christie,Mystery
1860,And Then There Were None,Agatha Christie,Mystery
908,Sense and Sensibility,Jane Austen,Classic
164,Harry Potter and the Chamber of Secrets,J.K. Rowling,Fantasy
1396,The Girl with the Dragon Tattoo,Stieg Larsson,Crime
1718,The Little Prince,Antoine de Saint-Exupéry,Fiction
298,The Little Prince,Antoine de Saint-Exupéry,Fiction
423,Harry Potter and the Philosopher's Stone,J.K. Rowling,Fantasy
825,The Hobbit,J.R.R. Tolkien,Fantasy
687,Pride and Prejudice,Jane Austen,Classic
1246,The Lord of the Rings,J.R.R. Tolkien,Fantasy
1381,1984,George Orwell,Dystopian
1660,And Then There Were None,Agatha Christie,Mystery
1968,Sense and Sensibility,Jane Austen,Classic
1177,The Alchemist,Paulo Coelho,Fiction
766,The Lord of the Rings,J.R.R. Tolkien,Fantasy
231,The Catcher in the Rye,J.D. Salinger,Classic
487,Pride and Prejudice,Jane Austen,Classic
1542,Animal Farm,George Orwell,Political Satire
1591,The Catcher in the Rye,J.D. Salinger,Classic
1343,Harry Potter and the Philosopher's Stone,J.K. Rowling,Fantasy
1457,The Alchemist,Paulo Coelho,Fiction
1431,The Catcher in the Rye,J.D. Salinger,Classic
325,The Hobbit,J.R.R. Tolkien,Fantasy
439,Murder on the Orient Express,Agatha Christie,Mystery
375,Angels & Demons,Dan Brown,Thriller
1428,Sense and Sensibility,Jane Austen,Classic
1861,1984,George Orwell,Dystopian
773,Fahrenheit 451,Ray Bradbury,Dystopian
298,The Little Prince,Antoine de Saint-Exupéry,Fiction
1194,The Da Vinci Code,Dan Brown,Thriller
240,And Then There Were None,Agatha Christie,Mystery
100,And Then There Were None,Agatha Christie,Mystery
1403,Harry Potter and the Philosopher's Stone,J.K. Rowling,Fantasy
282,Animal Farm,George Orwell,Political Satire
355,Angels & Demons,Dan Brown,Thriller
533,Fahrenheit 451,Ray Bradbury,Dystopian
1464,Harry Potter and the Chamber of Secrets,J.K. Rowling,Fantasy
597,The Alchemist,Paulo Coelho,Fiction
701,1984,George Orwell,Dystopian
1112,Brave New World,Aldous Huxley,Dystopian
1041,1984,George Orwell,Dystopian
893,Fahrenheit 451,Ray Bradbury,Dystopian
901,1984,George Orwell,Dystopian
125,The Hobbit,J.R.R. Tolkien,Fantasy
1334,The Da Vinci Code,Dan Brown,Thriller
186,The Lord of the Rings,J.R.R. Tolkien,Fantasy
991,The Catcher in the Rye,J.D. Salinger,Classic
1655,Angels & Demons,Dan Brown,Thriller
592,Brave New World,Aldous Huxley,Dystopian
1387,Pride and Prejudice,Jane Austen,Classic
734,The Da Vinci Code,Dan Brown,Thriller
1912,Brave New World,Aldous Huxley,Dystopian
644,Harry Potter and the Chamber of Secrets,J.K. Rowling,Fantasy
66,The Lord of the Rings,J.R.R. Tolkien,Fantasy
1690,To Kill a Mockingbird,Harper Lee,Classic
354,The Da Vinci Code,Dan Brown,Thriller
1125,The Hobbit,J.R.R. Tolkien,Fantasy
887,Pride and Prejudice,Jane Austen,Classic
1171,The Catcher in the Rye,J.D. Salinger,Classic
1544,Harry Potter and the Chamber of Secrets,J.K. Rowling,Fantasy
1084,Harry Potter and the Chamber of Secrets,J.K. Rowling,Fantasy
317,The Alchemist,Paulo Coelho,Fiction
50,To Kill a Mockingbird,Harper Lee,Classic
463,Harry Potter and the Philosopher's Stone,J.K. Rowling,Fantasy
757,The Alchemist,Paulo Coelho,Fiction
1024,Harry Potter and the Chamber of Secrets,J.K. Rowling,Fantasy
531,The Catcher in the Rye,J.D. Salinger,Classic
220,And Then There Were None,Agatha Christie,Mystery
1055,Angels & Demons,Dan Brown,Thriller
1853,Fahrenheit 451,Ray Bradbury,Dystopian
652,Brave New World,Aldous Huxley,Dystopian
24,Harry Potter and the Chamber of Secrets,J.K. Rowling,Fantasy
1037,The Alchemist,Paulo Coelho,Fiction
1223,Harry Potter and the Philosopher's Stone,J.K. Rowling,Fantasy
213,Fahrenheit 451,Ray Bradbury,Dystopian
1337,The Alchemist,Paulo Coelho,Fiction
523,Harry Potter and the Philosopher's Stone,J.K. Rowling,Fantasy
1578,The Little Prince,Antoine de Saint-Exupéry,Fiction
1629,The Great Gatsby,F. Scott Fitzgerald,Classic
1188,Sense and Sensibility,Jane Austen,Classic
1552,Brave New World,Aldous Huxley,Dystopian
1476,The Girl with the Dragon Tattoo,Stieg Larsson,Crime
1728,Sense and Sensibility,Jane Austen,Classic
1437,The Alchemist,Paulo Coelho,Fiction
1671,The Catcher in the Rye,J.D. Salinger,Classic
1809,The Great Gatsby,F. Scott Fitzgerald,Classic
1445,The Hobbit,J.R.R. Tolkien,Fantasy
1162,Animal Farm,George Orwell,Political Satire
1559,Murder on the Orient Express,Agatha Christie,Mystery
1478,The Little Prince,Antoine de Saint-Exupéry,Fiction
1048,Sense and Sensibility,Jane Austen,Classic
361,1984,George Orwell,Dystopian
1814,The Da Vinci Code,Dan Brown,Thriller
352,Brave New World,Aldous Huxley,Dystopian
1260,And Then There Were None,Agatha Christie,Mystery
1963,Harry Potter and the Philosopher's Stone,J.K. Rowling,Fantasy
211,The Catcher in the Rye,J.D. Salinger,Classic
527,Pride and Prejudice,Jane Austen,Classic
1988,Sense and Sensibility,Jane Austen,Classic
669,The Great Gatsby,F. Scott Fitzgerald,Classic
300,And Then There Were None,Agatha Christie,Mystery
307,Pride and Prejudice,Jane Austen,Classic
894,The Da Vinci Code,Dan Brown,Thriller
856,The Girl with the Dragon Tattoo,Stieg Larsson,Crime
1126,The Lord of the Rings,J.R.R. Tolkien,Fantasy
119,Murder on the Orient Express,Agatha Christie,Mystery
221,1984,George Orwell,Dystopian
549,The Great Gatsby,F. Scott Fitzgerald,Classic
1311,The Catcher in the Rye,J.D. Salinger,Classic
1599,Murder on the Orient Express,Agatha Christie,Mystery
238,The Little Prince,Antoine de Saint-Exupéry,Fiction
975,Angels & Demons,Dan Brown,Thriller
1526,The Lord of the Rings,J.R.R. Tolkien,Fantasy
1994,The Da Vinci Code,Dan Brown,Thriller
1941,1984,George Orwell,Dystopian
213,Fahrenheit 451,Ray Bradbury,Dystopian
1174,The Da Vinci Code,Dan Brown,Thriller
1585,The Hobbit,J.R.R. Tolkien,Fantasy
1659,Murder on the Orient Express,Agatha Christie,Mystery
1419,Murder on the Orient Express,Agatha Christie,Mystery
917,The Alchemist,Paulo Coelho,Fiction
1989,The Great Gatsby,F. Scott Fitzgerald,Classic
1068,Sense and Sensibility,Jane Austen,Classic
14,The Da Vinci Code,Dan Brown,Thriller
362,Animal Farm,George Orwell,Political Satire
862,Animal Farm,George Orwell,Political Satire
297,The Alchemist,Paulo Coelho,Fiction
1180,And Then There Were None,Agatha Christie,Mystery
818,The Little Prince,Antoine de Saint-Exupéry,Fiction
509,The Great Gatsby,F. Scott Fitzgerald,Classic
410,To Kill a Mockingbird,Harper Lee,Classic
1744,Harry Potter and the Chamber of Secrets,J.K. Rowling,Fantasy
1962,Animal Farm,George Orwell,Political Satire
1776,The Girl with the Dragon Tattoo,Stieg Larsson,Crime
388,Sense and Sensibility,Jane Austen,Classic
583,Harry Potter and the Philosopher's Stone,J.K. Rowling,Fantasy
1274,The Da Vinci Code,Dan Brown,Thriller
1897,The Alchemist,Paulo Coelho,Fiction
622,Animal Farm,George Orwell,Political Satire
383,Harry Potter and the Philosopher's Stone,J.K. Rowling,Fantasy
720,And Then There Were None,Agatha Christie,Mystery
1346,The Lord of the Rings,J.R.R. Tolkien,Fantasy
1065,The Hobbit,J.R.R. Tolkien,Fantasy
1678,The Little Prince,Antoine de Saint-Exupéry,Fiction
708,Sense and Sensibility,Jane Austen,Classic
1949,The Great Gatsby,F. Scott Fitzgerald,Classic
1929,The Great Gatsby,F. Scott Fitzgerald,Classic
1103,Harry Potter and the Philosopher's Stone,J.K. Rowling,Fantasy
1610,To Kill a Mockingbird,Harper Lee,Classic
675,Angels & Demons,Dan Brown,Thriller
950,To Kill a Mockingbird,Harper Lee,Classic
9,The Great Gatsby,F. Scott Fitzgerald,Classic
317,The Alchemist,Paulo Coelho,Fiction
1959,Murder on the Orient Express,Agatha Christie,Mystery
428,Sense and Sensibility,Jane Austen,Classic
106,The Lord of the Rings,J.R.R. Tolkien,Fantasy
1624,Harry Potter and the Chamber of Secrets,J.K. Rowling,Fantasy
122,Animal Farm,George Orwell,Political Satire
1300,And Then There Were None,Agatha Christie,Mystery
1201,1984,George Orwell,Dystopian
1720,And Then There Were None,Agatha Christie,Mystery
1487,Pride and Prejudice,Jane Austen,Classic
116,The Girl with the Dragon Tattoo,Stieg Larsson,Crime
1665,The Hobbit,J.R.R. Tolkien,Fantasy
234,The Da Vinci Code,Dan Brown,Thriller
638,The Little Prince,Antoine de Saint-Exupéry,Fiction
694,The Da Vinci Code,Dan Brown,Thriller
1894,The Da Vinci Code,Dan Brown,Thriller
1877,The Alchemist,Paulo Coelho,Fiction
1757,The Alchemist,Paulo Coelho,Fiction
1282,Animal Farm,George Orwell,Political Satire
633,Fahrenheit 451,Ray Bradbury,Dystopian
88,Sense and Sensibility,Jane Austen,Classic
1414,The Da Vinci Code,Dan Brown,Thriller
580,And Then There Were None,Agatha Christie,Mystery
1350,To Kill a Mockingbird,Harper Lee,Classic
930,To Kill a Mockingbird,Harper Lee,Classic
1913,Fahrenheit 451,Ray Bradbury,Dystopian
786,The Lord of the Rings,J.R.R. Tolkien,Fantasy
544,Harry Potter and the Chamber of Secrets,J.K. Rowling,Fantasy
1473,Fahrenheit 451,Ray Bradbury,Dystopian
495,Angels & Demons,Dan Brown,Thriller
189,The Great Gatsby,F. Scott Fitzgerald,Classic
1484,Harry Potter and the Chamber of Secrets,J.K. Rowling,Fantasy
1379,Murder on the Orient Express,Agatha Christie,Mystery
832,Brave New World,Aldous Huxley,Dystopian
72,Brave New World,Aldous Huxley,Dystopian
64,Harry Potter and the Chamber of Secrets,J.K. Rowling,Fantasy
1365,The Hobbit,J.R.R. Tolkien,Fantasy
787,Pride and Prejudice,Jane Austen,Classic
101,1984,George Orwell,Dystopian
384,Harry Potter and the Chamber of Secrets,J.K. Rowling,Fantasy
1870,To Kill a Mockingbird,Harper Lee,Classic
730,To Kill a Mockingbird,Harper Lee,Classic
1279,Murder on the Orient Express,Agatha Christie,Mystery
1762,Animal Farm,George Orwell,Political Satire
650,To Kill a Mockingbird,Harper Lee,Classic
206,The Lord of the Rings,J.R.R. Tolkien,Fantasy
783,Harry Potter and the Philosopher's Stone,J.K. Rowling,Fantasy
1038,The Little Prince,Antoine de Saint-Exupéry,Fiction
1000,And Then There Were None,Agatha Christie,Mystery
378,The Little Prince,Antoine de Saint-Exupéry,Fiction
536,The Girl with the Dragon Tattoo,Stieg Larsson,Crime
1660,And Then There Were None,Agatha Christie,Mystery
949,The Great Gatsby,F. Scott Fitzgerald,Classic
199,Murder on the Orient Express,Agatha Christie,Mystery
562,Animal Farm,George Orwell,Political Satire
1019,Murder on the Orient Express,Agatha Christie,Mystery
520,And Then There Were None,Agatha Christie,Mystery
309,The Great Gatsby,F. Scott Fitzgerald,Classic
614,The Da Vinci Code,Dan Brown,Thriller
60,And Then There Were None,Agatha Christie,Mystery
600,And Then There Were None,Agatha Christie,Mystery
208,Sense and Sensibility,Jane Austen,Classic
1703,Harry Potter and the Philosopher's Stone,J.K. Rowling,Fantasy
1912,Brave New World,Aldous Huxley,Dystopian
1001,1984,George Orwell,Dystopian
163,Harry Potter and the Philosopher's Stone,J.K. Rowling,Fantasy
70,To Kill a Mockingbird,Harper Lee,Classic
1491,The Catcher in the Rye,J.D. Salinger,Classic
1484,Harry Potter and the Chamber of Secrets,J.K. Rowling,Fantasy
257,The Alchemist,Paulo Coelho,Fiction
1827,Pride and Prejudice,Jane Austen,Classic
1794,The Da Vinci Code,Dan Brown,Thriller
1871,The Catcher in the Rye,J.D. Salinger,Classic
603,Harry Potter and the Philosopher's Stone,J.K. Rowling,Fantasy
1399,Murder on the Orient Express,Agatha Christie,Mystery
21,1984,George Orwell,Dystopian
1890,To Kill a Mockingbird,Harper Lee,Classic
382,Animal Farm,George Orwell,Political Satire
539,Murder on the Orient Express,Agatha Christie,Mystery
618,The Little Prince,Antoine de Saint-Exupéry,Fiction
1732,Brave New World,Aldous Huxley,Dystopian
84,Harry Potter and the Chamber of Secrets,J.K. Rowling,Fantasy
1026,The Lord of the Rings,J.R.R. Tolkien,Fantasy
584,Harry Potter and the Chamber of Secrets,J.K. Rowling,Fantasy
1233,Fahrenheit 451,Ray Bradbury,Dystopian
271,The Catcher in the Rye,J.D. Salinger,Classic
1778,The Little Prince,Antoine de Saint-Exupéry,Fiction
1289,The Great Gatsby,F. Scott Fitzgerald,Classic
1583,Harry Potter and the Philosopher's Stone,J.K. Rowling,Fantasy
1822,Animal Farm,George Orwell,Political Satire
1265,The Hobbit,J.R.R. Tolkien,Fantasy
129,The Great Gatsby,F. Scott Fitzgerald,Classic
430,To Kill a Mockingbird,Harper Lee,Classic
1147,Pride and Prejudice,Jane Austen,Classic
1836,The Girl with the Dragon Tattoo,Stieg Larsson,Crime
1961,1984,George Orwell,Dystopian
459,Murder on the Orient Express,Agatha Christie,Mystery
79,Murder on the Orient Express,Agatha Christie,Mystery
33,Fahrenheit 451,Ray Bradbury,Dystopian
1796,The Girl with the Dragon Tattoo,Stieg Larsson,Crime
1577,The Alchemist,Paulo Coelho,Fiction
1513,Fahrenheit 451,Ray Bradbury,Dystopian
381,1984,George Orwell,Dystopian
1905,The Hobbit,J.R.R. Tolkien,Fantasy
1975,Angels & Demons,Dan Brown,Thriller
1270,To Kill a Mockingbird,Harper Lee,Classic
306,The Lord of the Rings,J.R.R. Tolkien,Fantasy
210,To Kill a Mockingbird,Harper Lee,Classic
745,The Hobbit,J.R.R. Tolkien,Fantasy
1394,The Da Vinci Code,Dan Brown,Thriller
1931,The Catcher in the Rye,J.D. Salinger,Classic
890,To Kill a Mockingbird,Harper Lee,Classic
801,1984,George Orwell,Dystopian
1709,The Great Gatsby,F. Scott Fitzgerald,Classic
1780,And Then There Were None,Agatha Christie,Mystery
1405,The Hobbit,J.R.R. Tolkien,Fantasy
33,Fahrenheit 451,Ray Bradbury,Dystopian
484,Harry Potter and the Chamber of Secrets,J.K. Rowling,Fantasy
1226,The Lord of the Rings,J.R.R. Tolkien,Fantasy
278,The Little Prince,Antoine de Saint-Exupéry,Fiction
716,The Girl with the Dragon Tattoo,Stieg Larsson,Crime
222,Animal Farm,George Orwell,Political Satire
1938,The Little Prince,Antoine de Saint-Exupéry,Fiction
572,Brave New World,Aldous Huxley,Dystopian
412,Brave New World,Aldous Huxley,Dystopian
1771,The Catcher in the Rye,J.D. Salinger,Classic
910,To Kill a Mockingbird,Harper Lee,Classic
586,The Lord of the Rings,J.R.R. Tolkien,Fantasy
1178,The Little Prince,Antoine de Saint-Exupéry,Fiction
837,The Alchemist,Paulo Coelho,Fiction
963,Harry Potter and the Philosopher's Stone,J.K. Rowling,Fantasy
1310,To Kill a Mockingbird,Harper Lee,Classic
1382,Animal Farm,George Orwell,Political Satire
448,Sense and Sensibility,Jane Austen,Classic
1272,Brave New World,Aldous Huxley,Dystopian
1443,Harry Potter and the Philosopher's Stone,J.K. Rowling,Fantasy
1235,Angels & Demons,Dan Brown,Thriller
1360,And Then There Were None,Agatha Christie,Mystery
982,Animal Farm,George Orwell,Political Satire
46,The Lord of the Rings,J.R.R. Tolkien,Fantasy
1992,Brave New World,Aldous Huxley,Dystopian
1243,Harry Potter and the Philosopher's Stone,J.K. Rowling,Fantasy
295,Angels & Demons,Dan Brown,Thriller
908,Sense and Sensibility,Jane Austen,Classic
589,The Great Gatsby,F. Scott Fitzgerald,Classic
1838,The Little Prince,Antoine de Saint-Exupéry,Fiction
1085,The Hobbit,J.R.R. Tolkien,Fantasy
1260,And Then There Were None,Agatha Christie,Mystery
352,Brave New World,Aldous Huxley,Dystopian
858,The Little Prince,Antoine de Saint-Exupéry,Fiction
437,The Alchemist,Paulo Coelho,Fiction
760,And Then There Were None,Agatha Christie,Mystery
1436,The Girl with the Dragon Tattoo,Stieg Larsson,Crime
394,The Da Vinci Code,Dan Brown,Thriller
1766,The Lord of the Rings,J.R.R. Tolkien,Fantasy
535,Angels & Demons,Dan Brown,Thriller
31,The Catcher in the Rye,J.D. Salinger,Classic
747,Pride and Prejudice,Jane Austen,Classic
1622,Animal Farm,George Orwell,Political Satire
1134,The Da Vinci Code,Dan Brown,Thriller
1700,And Then There Were None,Agatha Christie,Mystery
1438,The Little Prince,Antoine de Saint-Exupéry,Fiction
1610,To Kill a Mockingbird,Harper Lee,Classic
917,The Alchemist,Paulo Coelho,Fiction
1015,Angels & Demons,Dan Brown,Thriller
345,The Hobbit,J.R.R. Tolkien,Fantasy
557,The Alchemist,Paulo Coelho,Fiction
907,Pride and Prejudice,Jane Austen,Classic
681,1984,George Orwell,Dystopian
1348,Sense and Sensibility,Jane Austen,Classic
987,Pride and Prejudice,Jane Austen,Classic
353,Fahrenheit 451,Ray Bradbury,Dystopian
92,Brave New World,Aldous Huxley,Dystopian
1176,The Girl with the Dragon Tattoo,Stieg Larsson,Crime
1840,And Then There Were None,Agatha Christie,Mystery
1069,The Great Gatsby,F. Scott Fitzgerald,Classic
1011,The Catcher in the Rye,J.D. Salinger,Classic
262,Animal Farm,George Orwell,Political Satire
1603,Harry Potter and the Philosopher's Stone,J.K. Rowling,Fantasy
1002,Animal Farm,George Orwell,Political Satire
1736,The Girl with the Dragon Tattoo,Stieg Larsson,Crime
568,Sense and Sensibility,Jane Austen,Classic
737,The Alchemist,Paulo Coelho,Fiction
1592,Brave New World,Aldous Huxley,Dystopian
1799,Murder on the Orient Express,Agatha Christie,Mystery
850,To Kill a Mockingbird,Harper Lee,Classic
1566,The Lord of the Rings,J.R.R. Tolkien,Fantasy
1909,The Great Gatsby,F. Scott Fitzgerald,Classic
301,1984,George Orwell,Dystopian
728,Sense and Sensibility,Jane Austen,Classic
1105,The Hobbit,J.R.R. Tolkien,Fantasy
1051,The Catcher in the Rye,J.D. Salinger,Classic
880,And Then There Were None,Agatha Christie,Mystery
316,The Girl with the Dragon Tattoo,Stieg Larsson,Crime
1768,Sense and Sensibility,Jane Austen,Classic
454,The Da Vinci Code,Dan Brown,Thriller
602,Animal Farm,George Orwell,Political Satire
176,The Girl with the Dragon Tattoo,Stieg Larsson,Crime
1308,Sense and Sensibility,Jane Austen,Classic
1090,To Kill a Mockingbird,Harper Lee,Classic
38,The Little Prince,Antoine de Saint-Exupéry,Fiction
124,Harry Potter and the Chamber of Secrets,J.K. Rowling,Fantasy
1111,The Catcher in the Rye,J.D. Salinger,Classic
395,Angels & Demons,Dan Brown,Thriller
1057,The Alchemist,Paulo Coelho,Fiction
904,Harry Potter and the Chamber of Secrets,J.K. Rowling,Fantasy
40,And Then There Were None,Agatha Christie,Mystery
463,Harry Potter and the Philosopher's Stone,J.K. Rowling,Fantasy
835,Angels & Demons,Dan Brown,Thriller
839,Murder on the Orient Express,Agatha Christie,Mystery
332,Brave New World,Aldous Huxley,Dystopian
195,Angels & Demons,Dan Brown,Thriller
1165,The Hobbit,J.R.R. Tolkien,Fantasy
1191,The Catcher in the Rye,J.D. Salinger,Classic
635,Angels & Demons,Dan Brown,Thriller
323,Harry Potter and the Philosopher's Stone,J.K. Rowling,Fantasy
1798,The Little Prince,Antoine de Saint-Exupéry,Fiction
267,Pride and Prejudice,Jane Austen,Classic
1910,To Kill a Mockingbird,Harper Lee,Classic
1859,Murder on the Orient Express,Agatha Christie,Mystery
580,And Then There Were None,Agatha Christie,Mystery
1285,The Hobbit,J.R.R. Tolkien,Fantasy
1294,The Da Vinci Code,Dan Brown,Thriller
1923,Harry Potter and the Philosopher's Stone,J.K. Rowling,Fantasy
1654,The Da Vinci Code,Dan Brown,Thriller
906,The Lord of the Rings,J.R.R. Tolkien,Fantasy
809,The Great Gatsby,F. Scott Fitzgerald,Classic
914,The Da Vinci Code,Dan Brown,Thriller
1248,Sense and Sensibility,Jane Austen,Classic
1284,Harry Potter and the Chamber of Secrets,J.K. Rowling,Fantasy
1293,Fahrenheit 451,Ray Bradbury,Dystopian
931,The Catcher in the Rye,J.D. Salinger,Classic
1587,Pride and Prejudice,Jane Austen,Classic
573,Fahrenheit 451,Ray Bradbury,Dystopian
555,Angels & Demons,Dan Brown,Thriller
1985,The Hobbit,J.R.R. Tolkien,Fantasy
1799,Murder on the Orient Express,Agatha Christie,Mystery
1113,Fahrenheit 451,Ray Bradbury,Dystopian
810,To Kill a Mockingbird,Harper Lee,Classic
1947,Pride and Prejudice,Jane Austen,Classic
1653,Fahrenheit 451,Ray Bradbury,Dystopian
54,The Da Vinci Code,Dan Brown,Thriller
1224,Harry Potter and the Chamber of Secrets,J.K. Rowling,Fantasy
1832,Brave New World,Aldous Huxley,Dystopian
506,The Lord of the Rings,J.R.R. Tolkien,Fantasy
753,Fahrenheit 451,Ray Bradbury,Dystopian
1287,Pride and Prejudice,Jane Austen,Classic
369,The Great Gatsby,F. Scott Fitzgerald,Classic
66,The Lord of the Rings,J.R.R. Tolkien,Fantasy
1005,The Hobbit,J.R.R. Tolkien,Fantasy
366,The Lord of the Rings,J.R.R. Tolkien,Fantasy
1895,Angels & Demons,Dan Brown,Thriller
1902,Animal Farm,George Orwell,Political Satire
977,The Alchemist,Paulo Coelho,Fiction
1182,Animal Farm,George Orwell,Political Satire
394,The Da Vinci Code,Dan Brown,Thriller
584,Harry Potter and the Chamber of Secrets,J.K. Rowling,Fantasy
1333,Fahrenheit 451,Ray Bradbury,Dystopian
772,Brave New World,Aldous Huxley,Dystopian
618,The Little Prince,Antoine de Saint-Exupéry,Fiction
1730,To Kill a Mockingbird,Harper Lee,Classic
153,Fahrenheit 451,Ray Bradbury,Dystopian
1474,The Da Vinci Code,Dan Brown,Thriller
1923,Harry Potter and the Philosopher's Stone,J.K. Rowling,Fantasy
1267,Pride and Prejudice,Jane Austen,Classic
1138,The Little Prince,Antoine de Saint-Exupéry,Fiction
1195,Angels & Demons,Dan Brown,Thriller
319,Murder on the Orient Express,Agatha Christie,Mystery
994,The Da Vinci Code,Dan Brown,Thriller
417,The Alchemist,Paulo Coelho,Fiction
1829,The Great Gatsby,F. Scott Fitzgerald,Classic
1074,The Da Vinci Code,Dan Brown,Thriller
945,The Hobbit,J.R.R. Tolkien,Fantasy
1303,Harry Potter and the Philosopher's Stone,J.K. Rowling,Fantasy
344,Harry Potter and the Chamber of Secrets,J.K. Rowling,Fantasy
399,Murder on the Orient Express,Agatha Christie,Mystery
585,The Hobbit,J.R.R. Tolkien,Fantasy
995,Angels & Demons,Dan Brown,Thriller
1866,The Lord of the Rings,J.R.R. Tolkien,Fantasy
1249,The Great Gatsby,F. Scott Fitzgerald,Classic
293,Fahrenheit 451,Ray Bradbury,Dystopian
1623,Harry Potter and the Philosopher's Stone,J.K. Rowling,Fantasy
1211,The Catcher in the Rye,J.D. Salinger,Classic
1117,The Alchemist,Paulo Coelho,Fiction
680,And Then There Were None,Agatha Christie,Mystery
142,Animal Farm,George Orwell,Political Satire
1115,Angels & Demons,Dan Brown,Thriller
3,Harry Potter and the Philosopher's Stone,J.K. Rowling,Fantasy
1179,Murder on the Orient Express,Agatha Christie,Mystery
577,The Alchemist,Paulo Coelho,Fiction
2000,And Then There Were None,Agatha Christie,Mystery
340,And Then There Were None,Agatha Christie,Mystery
359,Murder on the Orient Express,Agatha Christie,Mystery
266,The Lord of the Rings,J.R.R. Tolkien,Fantasy
377,The Alchemist,Paulo Coelho,Fiction
1413,Fahrenheit 451,Ray Bradbury,Dystopian
1229,The Great Gatsby,F. Scott Fitzgerald,Classic
440,And Then There Were None,Agatha Christie,Mystery
272,Brave New World,Aldous Huxley,Dystopian
1881,1984,George Orwell,Dystopian
1352,Brave New World,Aldous Huxley,Dystopian
245,The Hobbit,J.R.R. Tolkien,Fantasy
916,The Girl with the Dragon Tattoo,Stieg Larsson,Crime
875,Angels & Demons,Dan Brown,Thriller
989,The Great Gatsby,F. Scott Fitzgerald,Classic
433,Fahrenheit 451,Ray Bradbury,Dystopian
786,The Lord of the Rings,J.R.R. Tolkien,Fantasy
889,The Great Gatsby,F. Scott Fitzgerald,Classic
608,Sense and Sensibility,Jane Austen,Classic
416,The Girl with the Dragon Tattoo,Stieg Larsson,Crime
274,The Da Vinci Code,Dan Brown,Thriller
1191,The Catcher in the Rye,J.D. Salinger,Classic
781,1984,George Orwell,Dystopian
1092,Brave New World,Aldous Huxley,Dystopian
251,The Catcher in the Rye,J.D. Salinger,Classic
414,The Da Vinci Code,Dan Brown,Thriller
1421,1984,George Orwell,Dystopian
1695,Angels & Demons,Dan Brown,Thriller
1119,Murder on the Orient Express,Agatha Christie,Mystery
311,The Catcher in the Rye,J.D. Salinger,Classic
1903,Harry Potter and the Philosopher's Stone,J.K. Rowling,Fantasy
1028,Sense and Sensibility,Jane Austen,Classic
426,The Lord of the Rings,J.R.R. Tolkien,Fantasy
1676,The Girl with the Dragon Tattoo,Stieg Larsson,Crime
892,Brave New World,Aldous Huxley,Dystopian
1820,And Then There Were None,Agatha Christie,Mystery
722,Animal Farm,George Orwell,Political Satire
1755,Angels & Demons,Dan Brown,Thriller
349,The Great Gatsby,F. Scott Fitzgerald,Classic
1339,Murder on the Orient Express,Agatha Christie,Mystery
1382,Animal Farm,George Orwell,Political Satire
527,Pride and Prejudice,Jane Austen,Classic
943,Harry Potter and the Philosopher's Stone,J.K. Rowling,Fantasy
364,Harry Potter and the Chamber of Secrets,J.K. Rowling,Fantasy
183,Harry Potter and the Philosopher's Stone,J.K. Rowling,Fantasy
171,The Catcher in the Rye,J.D. Salinger,Classic
1034,The Da Vinci Code,Dan Brown,Thriller
354,The Da Vinci Code,Dan Brown,Thriller
1963,Harry Potter and the Philosopher's Stone,J.K. Rowling,Fantasy
813,Fahrenheit 451,Ray Bradbury,Dystopian
188,Sense and Sensibility,Jane Austen,Classic
620,And Then There Were None,Agatha Christie,Mystery
152,Brave New World,Aldous Huxley,Dystopian
159,Murder on the Orient Express,Agatha Christie,Mystery
1044,Harry Potter and the Chamber of Secrets,J.K. Rowling,Fantasy
273,Fahrenheit 451,Ray Bradbury,Dystopian
615,Angels & Demons,Dan Brown,Thriller
1324,Harry Potter and the Chamber of Secrets,J.K. Rowling,Fantasy
1091,The Catcher in the Rye,J.D. Salinger,Classic
835,Angels & Demons,Dan Brown,Thriller
372,Brave New World,Aldous Huxley,Dystopian
223,Harry Potter and the Philosopher's Stone,J.K. Rowling,Fantasy
594,The Da Vinci Code,Dan Brown,Thriller
477,The Alchemist,Paulo Coelho,Fiction
1575,Angels & Demons,Dan Brown,Thriller
1548,Sense and Sensibility,Jane Austen,Classic
1165,The Hobbit,J.R.R. Tolkien,Fantasy
840,And Then There Were None,Agatha Christie,Mystery
688,Sense and Sensibility,Jane Austen,Classic
137,The Alchemist,Paulo Coelho,Fiction
519,Murder on the Orient Express,Agatha Christie,Mystery
611,The Catcher in the Rye,J.D. Salinger,Classic
335,Angels & Demons,Dan Brown,Thriller
782,Animal Farm,George Orwell,Political Satire
1738,The Little Prince,Antoine de Saint-Exupéry,Fiction
1510,To Kill a Mockingbird,Harper Lee,Classic
1655,Angels & Demons,Dan Brown,Thriller
1830,To Kill a Mockingbird,Harper Lee,Classic
1006,The Lord of the Rings,J.R.R. Tolkien,Fantasy
711,The Catcher in the Rye,J.D. Salinger,Classic
16,The Girl with the Dragon Tattoo,Stieg Larsson,Crime
1792,Brave New World,Aldous Huxley,Dystopian
288,Sense and Sensibility,Jane Austen,Classic
1212,Brave New World,Aldous Huxley,Dystopian
1997,The Alchemist,Paulo Coelho,Fiction
1346,The Lord of the Rings,J.R.R. Tolkien,Fantasy
1104,Harry Potter and the Chamber of Secrets,J.K. Rowling,Fantasy
571,The Catcher in the Rye,J.D. Salinger,Classic
655,Angels & Demons,Dan Brown,Thriller
1872,Brave New World,Aldous Huxley,Dystopian
1259,Murder on the Orient Express,Agatha Christie,Mystery
466,The Lord of the Rings,J.R.R. Tolkien,Fantasy
1234,The Da Vinci Code,Dan Brown,Thriller
200,And Then There Were None,Agatha Christie,Mystery
1222,Animal Farm,George Orwell,Political Satire
1558,The Little Prince,Antoine de Saint-Exupéry,Fiction
1937,The Alchemist,Paulo Coelho,Fiction
1808,Sense and Sensibility,Jane Austen,Classic
1466,The Lord of the Rings,J.R.R. Tolkien,Fantasy
1164,Harry Potter and the Chamber of Secrets,J.K. Rowling,Fantasy
1805,The Hobbit,J.R.R. Tolkien,Fantasy
1685,The Hobbit,J.R.R. Tolkien,Fantasy
1217,The Alchemist,Paulo Coelho,Fiction
592,Brave New World,Aldous Huxley,Dystopian
629,The Great Gatsby,F. Scott Fitzgerald,Classic
1815,Angels & Demons,Dan Brown,Thriller
1054,The Da Vinci Code,Dan Brown,Thriller
1837,The Alchemist,Paulo Coelho,Fiction
1086,The Lord of the Rings,J.R.R. Tolkien,Fantasy
1724,Harry Potter and the Chamber of Secrets,J.K. Rowling,Fantasy
1072,Brave New World,Aldous Huxley,Dystopian
1104,Harry Potter and the Chamber of Secrets,J.K. Rowling,Fantasy
817,The Alchemist,Paulo Coelho,Fiction
44,Harry Potter and the Chamber of Secrets,J.K. Rowling,Fantasy
1932,Brave New World,Aldous Huxley,Dystopian
275,Angels & Demons,Dan Brown,Thriller
1424,Harry Potter and the Chamber of Secrets,J.K. Rowling,Fantasy
866,The Lord of the Rings,J.R.R. Tolkien,Fantasy
102,Animal Farm,George Orwell,Political Satire
1363,Harry Potter and the Philosopher's Stone,J.K. Rowling,Fantasy
1729,The Great Gatsby,F. Scott Fitzgerald,Classic
1290,To Kill a Mockingbird,Harper Lee,Classic
108,Sense and Sensibility,Jane Austen,Classic
1618,The Little Prince,Antoine de Saint-Exupéry,Fiction
498,The Little Prince,Antoine de Saint-Exupéry,Fiction
74,The Da Vinci Code,Dan Brown,Thriller
803,Harry Potter and the Philosopher's Stone,J.K. Rowling,Fantasy
760,And Then There Were None,Agatha Christie,Mystery
1560,And Then There Were None,Agatha Christie,Mystery
1030,To Kill a Mockingbird,Harper Lee,Classic
1256,The Girl with the Dragon Tattoo,Stieg Larsson,Crime
887,Pride and Prejudice,Jane Austen,Classic
1960,And Then There Were None,Agatha Christie,Mystery
1834,The Da Vinci Code,Dan Brown,Thriller
1790,To Kill a Mockingbird,Harper Lee,Classic
248,Sense and Sensibility,Jane Austen,Classic
986,The Lord of the Rings,J.R.R. Tolkien,Fantasy
713,Fahrenheit 451,Ray Bradbury,Dystopian
73,Fahrenheit 451,Ray Bradbury,Dystopian
501,1984,George Orwell,Dystopian
1568,Sense and Sensibility,Jane Austen,Classic
1511,The Catcher in the Rye,J.D. Salinger,Classic
1815,Angels & Demons,Dan Brown,Thriller
482,Animal Farm,George Orwell,Political Satire
1390,To Kill a Mockingbird,Harper Lee,Classic
507,Pride and Prejudice,Jane Austen,Classic
1190,To Kill a Mockingbird,Harper Lee,Classic
1132,Brave New World,Aldous Huxley,Dystopian
1657,The Alchemist,Paulo Coelho,Fiction
1675,Angels & Demons,Dan Brown,Thriller
1377,The Alchemist,Paulo Coelho,Fiction
1613,Fahrenheit 451,Ray Bradbury,Dystopian
1129,The Great Gatsby,F. Scott Fitzgerald,Classic
1314,The Da Vinci Code,Dan Brown,Thriller
430,To Kill a Mockingbird,Harper Lee,Classic
1850,To Kill a Mockingbird,Harper Lee,Classic
1227,Pride and Prejudice,Jane Austen,Classic
312,Brave New World,Aldous Huxley,Dystopian
1852,Brave New World,Aldous Huxley,Dystopian
406,The Lord of the Rings,J.R.R. Tolkien,Fantasy
758,The Little Prince,Antoine de Saint-Exupéry,Fiction
1144,Harry Potter and the Chamber of Secrets,J.K. Rowling,Fantasy
1353,Fahrenheit 451,Ray Bradbury,Dystopian
1512,Brave New World,Aldous Huxley,Dystopian
1481,1984,George Orwell,Dystopian
310,To Kill a Mockingbird,Harper Lee,Classic
227,Pride and Prejudice,Jane Austen,Classic
744,Harry Potter and the Chamber of Secrets,J.K. Rowling,Fantasy
807,Pride and Prejudice,Jane Austen,Classic
465,The Hobbit,J.R.R. Tolkien,Fantasy
1304,Harry Potter and the Chamber of Secrets,J.K. Rowling,Fantasy
1594,The Da Vinci Code,Dan Brown,Thriller
875,Angels & Demons,Dan Brown,Thriller
1712,Brave New World,Aldous Huxley,Dystopian
1619,Murder on the Orient Express,Agatha Christie,Mystery
1814,The Da Vinci Code,Dan Brown,Thriller
149,The Great Gatsby,F. Scott Fitzgerald,Classic
1607,Pride and Prejudice,Jane Austen,Classic
1205,The Hobbit,J.R.R. Tolkien,Fantasy
1166,The Lord of the Rings,J.R.R. Tolkien,Fantasy
292,Brave New World,Aldous Huxley,Dystopian
693,Fahrenheit 451,Ray Bradbury,Dystopian
819,Murder on the Orient Express,Agatha Christie,Mystery
705,The Hobbit,J.R.R. Tolkien,Fantasy
1194,The Da Vinci Code,Dan Brown,Thriller
822,Animal Farm,George Orwell,Political Satire
1209,The Great Gatsby,F. Scott Fitzgerald,Classic
576,The Girl with the Dragon Tattoo,Stieg Larsson,Crime
558,The Little Prince,Antoine de Saint-Exupéry,Fiction
1434,The Da Vinci Code,Dan Brown,Thriller
702,Animal Farm,George Orwell,Political Satire
1943,Harry Potter and the Philosopher's Stone,J.K. Rowling,Fantasy
1519,Murder on the Orient Express,Agatha Christie,Mystery
922,Animal Farm,George Orwell,Political Satire
1916,The Girl with the Dragon Tattoo,Stieg Larsson,Crime
1179,Murder on the Orient Express,Agatha Christie,Mystery
906,The Lord of the Rings,J.R.R. Tolkien,Fantasy
1745,The Hobbit,J.R.R. Tolkien,Fantasy
1245,The Hobbit,J.R.R. Tolkien,Fantasy
749,The Great Gatsby,F. Scott Fitzgerald,Classic
1504,Harry Potter and the Chamber of Secrets,J.K. Rowling,Fantasy
1035,Angels & Demons,Dan Brown,Thriller
168,Sense and Sensibility,Jane Austen,Classic
731,The Catcher in the Rye,J.D. Salinger,Classic
1321,1984,George Orwell,Dystopian
287,Pride and Prejudice,Jane Austen,Classic
1527,Pride and Prejudice,Jane Austen,Classic
27,Pride and Prejudice,Jane Austen,Classic
1081,1984,George Orwell,Dystopian
573,Fahrenheit 451,Ray Bradbury,Dystopian
874,The Da Vinci Code,Dan Brown,Thriller
629,The Great Gatsby,F. Scott Fitzgerald,Classic
599,Murder on the Orient Express,Agatha Christie,Mystery
1563,Harry Potter and the Philosopher's Stone,J.K. Rowling,Fantasy
998,The Little Prince,Antoine de Saint-Exupéry,Fiction
1884,Harry Potter and the Chamber of Secrets,J.K. Rowling,Fantasy
1055,Angels & Demons,Dan Brown,Thriller
1101,1984,George Orwell,Dystopian
42,Animal Farm,George Orwell,Political Satire
1271,The Catcher in the Rye,J.D. Salinger,Classic
1600,And Then There Were None,Agatha Christie,Mystery
1667,Pride and Prejudice,Jane Austen,Classic
1056,The Girl with the Dragon Tattoo,Stieg Larsson,Crime
610,To Kill a Mockingbird,Harper Lee,Classic
1772,Brave New World,Aldous Huxley,Dystopian
1848,Sense and Sensibility,Jane Austen,Classic
1136,The Girl with the Dragon Tattoo,Stieg Larsson,Crime
1322,Animal Farm,George Orwell,Political Satire
494,The Da Vinci Code,Dan Brown,Thriller
237,The Alchemist,Paulo Coelho,Fiction
552,Brave New World,Aldous Huxley,Dystopian
521,1984,George Orwell,Dystopian
1388,Sense and Sensibility,Jane Austen,Classic
721,1984,George Orwell,Dystopian
1605,The Hobbit,J.R.R. Tolkien,Fantasy
793,Fahrenheit 451,Ray Bradbury,Dystopian
59,Murder on the Orient Express,Agatha Christie,Mystery
632,Brave New World,Aldous Huxley,Dystopian
1514,The Da Vinci Code,Dan Brown,Thriller
593,Fahrenheit 451,Ray Bradbury,Dystopian
1420,And Then There Were None,Agatha Christie,Mystery
940,And Then There Were None,Agatha Christie,Mystery
905,The Hobbit,J.R.R. Tolkien,Fantasy
1640,And Then There Were None,Agatha Christie,Mystery
1767,Pride and Prejudice,Jane Austen,Classic
1291,The Catcher in the Rye,J.D. Salinger,Classic
1193,Fahrenheit 451,Ray Bradbury,Dystopian
1609,The Great Gatsby,F. Scott Fitzgerald,Classic
707,Pride and Prejudice,Jane Austen,Classic
1023,Harry Potter and the Philosopher's Stone,J.K. Rowling,Fantasy
746,The Lord of the Rings,J.R.R. Tolkien,Fantasy
1536,The Girl with the Dragon Tattoo,Stieg Larsson,Crime
1197,The Alchemist,Paulo Coelho,Fiction
514,The Da Vinci Code,Dan Brown,Thriller
82,Animal Farm,George Orwell,Political Satire
255,Angels & Demons,Dan Brown,Thriller
915,Angels & Demons,Dan Brown,Thriller
1606,The Lord of the Rings,J.R.R. Tolkien,Fantasy
151,The Catcher in the Rye,J.D. Salinger,Classic
775,Angels & Demons,Dan Brown,Thriller
330,To Kill a Mockingbird,Harper Lee,Classic
7,Pride and Prejudice,Jane Austen,Classic
944,Harry Potter and the Chamber of Secrets,J.K. Rowling,Fantasy
1386,The Lord of the Rings,J.R.R. Tolkien,Fantasy
1743,Harry Potter and the Philosopher's Stone,J.K. Rowling,Fantasy
910,To Kill a Mockingbird,Harper Lee,Classic
469,The Great Gatsby,F. Scott Fitzgerald,Classic
182,Animal Farm,George Orwell,Political Satire
165,The Hobbit,J.R.R. Tolkien,Fantasy
452,Brave New World,Aldous Huxley,Dystopian
491,The Catcher in the Rye,J.D. Salinger,Classic
1172,Brave New World,Aldous Huxley,Dystopian
1773,Fahrenheit 451,Ray Bradbury,Dystopian
1813,Fahrenheit 451,Ray Bradbury,Dystopian
1643,Harry Potter and the Philosopher's Stone,J.K. Rowling,Fantasy
1765,The Hobbit,J.R.R. Tolkien,Fantasy
1449,The Great Gatsby,F. Scott Fitzgerald,Classic
1503,Harry Potter and the Philosopher's Stone,J.K. Rowling,Fantasy
328,Sense and Sensibility,Jane Austen,Classic
443,Harry Potter and the Philosopher's Stone,J.K. Rowling,Fantasy
1334,The Da Vinci Code,Dan Brown,Thriller
1160,And Then There Were None,Agatha Christie,Mystery
833,Fahrenheit 451,Ray Bradbury,Dystopian
1597,The Alchemist,Paulo Coelho,Fiction
1101,1984,George Orwell,Dystopian
87,Pride and Prejudice,Jane Austen,Classic
830,To Kill a Mockingbird,Harper Lee,Classic
778,The Little Prince,Antoine de Saint-Exupéry,Fiction
1369,The Great Gatsby,F. Scott Fitzgerald,Classic
55,Angels & Demons,Dan Brown,Thriller
1576,The Girl with the Dragon Tattoo,Stieg Larsson,Crime
1951,The Catcher in the Rye,J.D. Salinger,Classic
1317,The Alchemist,Paulo Coelho,Fiction
114,The Da Vinci Code,Dan Brown,Thriller
988,Sense and Sensibility,Jane Austen,Classic
1584,Harry Potter and the Chamber of Secrets,J.K. Rowling,Fantasy
1315,Angels & Demons,Dan Brown,Thriller
1010,To Kill a Mockingbird,Harper Lee,Classic
590,To Kill a Mockingbird,Harper Lee,Classic
1846,The Lord of the Rings,J.R.R. Tolkien,Fantasy
434,The Da Vinci Code,Dan Brown,Thriller
1753,Fahrenheit 451,Ray Bradbury,Dystopian
286,The Lord of the Rings,J.R.R. Tolkien,Fantasy
429,The Great Gatsby,F. Scott Fitzgerald,Classic
1291,The Catcher in the Rye,J.D. Salinger,Classic
670,To Kill a Mockingbird,Harper Lee,Classic
32,Brave New World,Aldous Huxley,Dystopian
723,Harry Potter and the Philosopher's Stone,J.K. Rowling,Fantasy
952,Brave New World,Aldous Huxley,Dystopian
1477,The Alchemist,Paulo Coelho,Fiction
215,Angels & Demons,Dan Brown,Thriller
1500,And Then There Were None,Agatha Christie,Mystery
327,Pride and Prejudice,Jane Austen,Classic
561,1984,George Orwell,Dystopian
1087,Pride and Prejudice,Jane Austen,Classic
1614,The Da Vinci Code,Dan Brown,Thriller
342,Animal Farm,George Orwell,Political Satire
148,Sense and Sensibility,Jane Austen,Classic
1546,The Lord of the Rings,J.R.R. Tolkien,Fantasy
1108,Sense and Sensibility,Jane Austen,Classic
1955,Angels & Demons,Dan Brown,Thriller
967,Pride and Prejudice,Jane Austen,Classic
1073,Fahrenheit 451,Ray Bradbury,Dystopian
156,The Girl with the Dragon Tattoo,Stieg Larsson,Crime
1682,Animal Farm,George Orwell,Political Satire
1342,Animal Farm,George Orwell,Political Satire
1274,The Da Vinci Code,Dan Brown,Thriller
1617,The Alchemist,Paulo Coelho,Fiction
1180,And Then There Were None,Agatha Christie,Mystery
1553,Fahrenheit 451,Ray Bradbury,Dystopian
1729,The Great Gatsby,F. Scott Fitzgerald,Classic
1362,Animal Farm,George Orwell,Political Satire
1641,1984,George Orwell,Dystopian
1834,The Da Vinci Code,Dan Brown,Thriller
1670,To Kill a Mockingbird,Harper Lee,Classic
988,Sense and Sensibility,Jane Austen,Classic
939,Murder on the Orient Express,Agatha Christie,Mystery
164,Harry Potter and the Chamber of Secrets,J.K. Rowling,Fantasy
347,Pride and Prejudice,Jane Austen,Classic
1983,Harry Potter and the Philosopher's Stone,J.K. Rowling,Fantasy
1492,Brave New World,Aldous Huxley,Dystopian
386,The Lord of the Rings,J.R.R. Tolkien,Fantasy
1323,Harry Potter and the Philosopher's Stone,J.K. Rowling,Fantasy
1365,The Hobbit,J.R.R. Tolkien,Fantasy
244,Harry Potter and the Chamber of Secrets,J.K. Rowling,Fantasy
1252,Brave New World,Aldous Huxley,Dystopian
937,The Alchemist,Paulo Coelho,Fiction
1915,Angels & Demons,Dan Brown,Thriller
313,Fahrenheit 451,Ray Bradbury,Dystopian
116,The Girl with the Dragon Tattoo,Stieg Larsson,Crime
1673,Fahrenheit 451,Ray Bradbury,Dystopian
969,The Great Gatsby,F. Scott Fitzgerald,Classic
661,1984,George Orwell,Dystopian
1933,Fahrenheit 451,Ray Bradbury,Dystopian
371,The Catcher in the Rye,J.D. Salinger,Classic
567,Pride and Prejudice,Jane Austen,Classic
1651,The Catcher in the Rye,J.D. Salinger,Classic
825,The Hobbit,J.R.R. Tolkien,Fantasy
983,Harry Potter and the Philosopher's Stone,J.K. Rowling,Fantasy
1234,The Da Vinci Code,Dan Brown,Thriller
814,The Da Vinci Code,Dan Brown,Thriller
779,Murder on the Orient Express,Agatha Christie,Mystery
1053,Fahrenheit 451,Ray Bradbury,Dystopian
1522,Animal Farm,George Orwell,Political Satire
1014,The Da Vinci Code,Dan Brown,Thriller
1430,To Kill a Mockingbird,Harper Lee,Classic
1874,The Da Vinci Code,Dan Brown,Thriller
1467,Pride and Prejudice,Jane Austen,Classic
127,Pride and Prejudice,Jane Austen,Classic
888,Sense and Sensibility,Jane Austen,Classic
1714,The Da Vinci Code,Dan Brown,Thriller
1008,Sense and Sensibility,Jane Austen,Classic
356,The Girl with the Dragon Tattoo,Stieg Larsson,Crime
1946,The Lord of the Rings,J.R.R. Tolkien,Fantasy
683,Harry Potter and the Philosopher's Stone,J.K. Rowling,Fantasy
1991,The Catcher in the Rye,J.D. Salinger,Classic
1250,To Kill a Mockingbird,Harper Lee,Classic
985,The Hobbit,J.R.R. Tolkien,Fantasy
1873,Fahrenheit 451,Ray Bradbury,Dystopian
141,1984,George Orwell,Dystopian
1868,Sense and Sensibility,Jane Austen,Classic
1733,Fahrenheit 451,Ray Bradbury,Dystopian
1380,And Then There Were None,Agatha Christie,Mystery
586,The Lord of the Rings,J.R.R. Tolkien,Fantasy
1423,Harry Potter and the Philosopher's Stone,J.K. Rowling,Fantasy
1615,Angels & Demons,Dan Brown,Thriller
1858,The Little Prince,Antoine de Saint-Exupéry,Fiction
712,Brave New World,Aldous Huxley,Dystopian
1158,The Little Prince,Antoine de Saint-Exupéry,Fiction
1232,Brave New World,Aldous Huxley,Dystopian
872,Brave New World,Aldous Huxley,Dystopian
11,The Catcher in the Rye,J.D. Salinger,Classic
1456,The Girl with the Dragon Tattoo,Stieg Larsson,Crime
1839,Murder on the Orient Express,Agatha Christie,Mystery
755,Angels & Demons,Dan Brown,Thriller
627,Pride and Prejudice,Jane Austen,Classic
238,The Little Prince,Antoine de Saint-Exupéry,Fiction
130,To Kill a Mockingbird,Harper Lee,Classic
844,Harry Potter and the Chamber of Secrets,J.K. Rowling,Fantasy
324,Harry Potter and the Chamber of Secrets,J.K. Rowling,Fantasy
1396,The Girl with the Dragon Tattoo,Stieg Larsson,Crime
1770,To Kill a Mockingbird,Harper Lee,Classic
221,1984,George Orwell,Dystopian
15,Angels & Demons,Dan Brown,Thriller
1731,The Catcher in the Rye,J.D. Salinger,Classic
216,The Girl with the Dragon Tattoo,Stieg Larsson,Crime
1356,The Girl with the Dragon Tattoo,Stieg Larsson,Crime
1847,Pride and Prejudice,Jane Austen,Classic
1183,Harry Potter and the Philosopher's Stone,J.K. Rowling,Fantasy
1974,The Da Vinci Code,Dan Brown,Thriller
1880,And Then There Were None,Agatha Christie,Mystery
865,The Hobbit,J.R.R. Tolkien,Fantasy
517,The Alchemist,Paulo Coelho,Fiction
598,The Little Prince,Antoine de Saint-Exupéry,Fiction
196,The Girl with the Dragon Tattoo,Stieg Larsson,Crime
289,The Great Gatsby,F. Scott Fitzgerald,Classic
951,The Catcher in the Rye,J.D. Salinger,Classic
1645,The Hobbit,J.R.R. Tolkien,Fantasy
1857,The Alchemist,Paulo Coelho,Fiction
1121,1984,George Orwell,Dystopian
550,To Kill a Mockingbird,Harper Lee,Classic
157,The Alchemist,Paulo Coelho,Fiction
420,And Then There Were None,Agatha Christie,Mystery
923,Harry Potter and the Philosopher's Stone,J.K. Rowling,Fantasy
478,The Little Prince,Antoine de Saint-Exupéry,Fiction
1376,The Girl with the Dragon Tattoo,Stieg Larsson,Crime
554,The Da Vinci Code,Dan Brown,Thriller
1203,Harry Potter and the Philosopher's Stone,J.K. Rowling,Fantasy
391,The Catcher in the Rye,J.D. Salinger,Classic
579,Murder on the Orient Express,Agatha Christie,Mystery
1894,The Da Vinci Code,Dan Brown,Thriller
1371,The Catcher in the Rye,J.D. Salinger,Classic
1648,Sense and Sensibility,Jane Austen,Classic
821,1984,George Orwell,Dystopian
721,1984,George Orwell,Dystopian
1007,Pride and Prejudice,Jane Austen,Classic
1653,Fahrenheit 451,Ray Bradbury,Dystopian
665,The Hobbit,J.R.R. Tolkien,Fantasy
1950,To Kill a Mockingbird,Harper Lee,Classic
143,Harry Potter and the Philosopher's Stone,J.K. Rowling,Fantasy
1966,The Lord of the Rings,J.R.R. Tolkien,Fantasy
1533,Fahrenheit 451,Ray Bradbury,Dystopian
422,Animal Farm,George Orwell,Political Satire
800,And Then There Were None,Agatha Christie,Mystery
616,The Girl with the Dragon Tattoo,Stieg Larsson,Crime
296,The Girl with the Dragon Tattoo,Stieg Larsson,Crime
402,Animal Farm,George Orwell,Political Satire
89,The Great Gatsby,F. Scott Fitzgerald,Classic
1720,And Then There Were None,Agatha Christie,Mystery
1034,The Da Vinci Code,Dan Brown,Thriller
132,Brave New World,Aldous Huxley,Dystopian
1316,The Girl with the Dragon Tattoo,Stieg Larsson,Crime
1392,Brave New World,Aldous Huxley,Dystopian
1740,And Then There Were None,Agatha Christie,Mystery
1944,Harry Potter and the Chamber of Secrets,J.K. Rowling,Fantasy
585,The Hobbit,J.R.R. Tolkien,Fantasy
725,The Hobbit,J.R.R. Tolkien,Fantasy
1465,The Hobbit,J.R.R. Tolkien,Fantasy
270,To Kill a Mockingbird,Harper Lee,Classic
1492,Brave New World,Aldous Huxley,Dystopian
1761,1984,George Orwell,Dystopian
918,The Little Prince,Antoine de Saint-Exupéry,Fiction
1906,The Lord of the Rings,J.R.R. Tolkien,Fantasy
1707,Pride and Prejudice,Jane Austen,Classic
1335,Angels & Demons,Dan Brown,Thriller
376,The Girl with the Dragon Tattoo,Stieg Larsson,Crime
334,The Da Vinci Code,Dan Brown,Thriller
1502,Animal Farm,George Orwell,Political Satire
110,To Kill a Mockingbird,Harper Lee,Classic
1119,Murder on the Orient Express,Agatha Christie,Mystery
911,The Catcher in the Rye,J.D. Salinger,Classic
777,The Alchemist,Paulo Coelho,Fiction
1458,The Little Prince,Antoine de Saint-Exupéry,Fiction
329,The Great Gatsby,F. Scott Fitzgerald,Classic
1984,Harry Potter and the Chamber of Secrets,J.K. Rowling,Fantasy
1266,The Lord of the Rings,J.R.R. Tolkien,Fantasy
13,Fahrenheit 451,Ray Bradbury,Dystopian
898,The Little Prince,Antoine de Saint-Exupéry,Fiction
172,Brave New World,Aldous Huxley,Dystopian
261,1984,George Orwell,Dystopian
1567,Pride and Prejudice,Jane Austen,Classic
1831,The Catcher in the Rye,J.D. Salinger,Classic
902,Animal Farm,George Orwell,Political Satire
259,Murder on the Orient Express,Agatha Christie,Mystery
845,The Hobbit,J.R.R. Tolkien,Fantasy
139,Murder on the Orient Express,Agatha Christie,Mystery
320,And Then There Were None,Agatha Christie,Mystery
1980,And Then There Were None,Agatha Christie,Mystery
1593,Fahrenheit 451,Ray Bradbury,Dystopian
1135,Angels & Demons,Dan Brown,Thriller
559,Murder on the Orient Express,Agatha Christie,Mystery
140,And Then There Were None,Agatha Christie,Mystery
113,Fahrenheit 451,Ray Bradbury,Dystopian
532,Brave New World,Aldous Huxley,Dystopian
225,The Hobbit,J.R.R. Tolkien,Fantasy
724,Harry Potter and the Chamber of Secrets,J.K. Rowling,Fantasy
1979,Murder on the Orient Express,Agatha Christie,Mystery
1901,1984,George Orwell,Dystopian
326,The Lord of the Rings,J.R.R. Tolkien,Fantasy
1633,Fahrenheit 451,Ray Bradbury,Dystopian
1406,The Lord of the Rings,J.R.R. Tolkien,Fantasy
715,Angels & Demons,Dan Brown,Thriller
847,Pride and Prejudice,Jane Austen,Classic
194,The Da Vinci Code,Dan Brown,Thriller
574,The Da Vinci Code,Dan Brown,Thriller
947,Pride and Prejudice,Jane Austen,Classic
504,Harry Potter and the Chamber of Secrets,J.K. Rowling,Fantasy
1793,Fahrenheit 451,Ray Bradbury,Dystopian
1507,Pride and Prejudice,Jane Austen,Classic
646,The Lord of the Rings,J.R.R. Tolkien,Fantasy
4,Harry Potter and the Chamber of Secrets,J.K. Rowling,Fantasy
1489,The Great Gatsby,F. Scott Fitzgerald,Classic
468,Sense and Sensibility,Jane Austen,Classic
6,The Lord of the Rings,J.R.R. Tolkien,Fantasy
1958,The Little Prince,Antoine de Saint-Exupéry,Fiction
1781,1984,George Orwell,Dystopian
548,Sense and Sensibility,Jane Austen,Classic
229,The Great Gatsby,F. Scott Fitzgerald,Classic
1064,Harry Potter and the Chamber of Secrets,J.K. Rowling,Fantasy
543,Harry Potter and the Philosopher's Stone,J.K. Rowling,Fantasy
243,Harry Potter and the Philosopher's Stone,J.K. Rowling,Fantasy
899,Murder on the Orient Express,Agatha Christie,Mystery
1468,Sense and Sensibility,Jane Austen,Classic
1161,1984,George Orwell,Dystopian
1539,Murder on the Orient Express,Agatha Christie,Mystery
1411,The Catcher in the Rye,J.D. Salinger,Classic
843,Harry Potter and the Philosopher's Stone,J.K. Rowling,Fantasy
1843,Harry Potter and the Philosopher's Stone,J.K. Rowling,Fantasy
479,Murder on the Orient Express,Agatha Christie,Mystery
277,The Alchemist,Paulo Coelho,Fiction
662,Animal Farm,George Orwell,Political Satire
1862,Animal Farm,George Orwell,Political Satire
1562,Animal Farm,George Orwell,Political Satire
315,Angels & Demons,Dan Brown,Thriller
1344,Harry Potter and the Chamber of Secrets,J.K. Rowling,Fantasy
1551,The Catcher in the Rye,J.D. Salinger,Classic
692,Brave New World,Aldous Huxley,Dystopian
1951,The Catcher in the Rye,J.D. Salinger,Classic
425,The Hobbit,J.R.R. Tolkien,Fantasy
595,Angels & Demons,Dan Brown,Thriller
219,Murder on the Orient Express,Agatha Christie,Mystery
623,Harry Potter and the Philosopher's Stone,J.K. Rowling,Fantasy
1515,Angels & Demons,Dan Brown,Thriller
1357,The Alchemist,Paulo Coelho,Fiction
228,Sense and Sensibility,Jane Austen,Classic
1450,To Kill a Mockingbird,Harper Lee,Classic
1170,To Kill a Mockingbird,Harper Lee,Classic
276,The Girl with the Dragon Tattoo,Stieg Larsson,Crime
1460,And Then There Were None,Agatha Christie,Mystery
67,Pride and Prejudice,Jane Austen,Classic
25,The Hobbit,J.R.R. Tolkien,Fantasy
1236,The Girl with the Dragon Tattoo,Stieg Larsson,Crime
145,The Hobbit,J.R.R. Tolkien,Fantasy
537,The Alchemist,Paulo Coelho,Fiction
812,Brave New World,Aldous Huxley,Dystopian
1452,Brave New World,Aldous Huxley,Dystopian
86,The Lord of the Rings,J.R.R. Tolkien,Fantasy
1255,Angels & Demons,Dan Brown,Thriller
71,The Catcher in the Rye,J.D. Salinger,Classic
713,Fahrenheit 451,Ray Bradbury,Dystopian
1739,Murder on the Orient Express,Agatha Christie,Mystery
1945,The Hobbit,J.R.R. Tolkien,Fantasy
485,The Hobbit,J.R.R. Tolkien,Fantasy
1451,The Catcher in the Rye,J.D. Salinger,Classic
694,The Da Vinci Code,Dan Brown,Thriller
1779,Murder on the Orient Express,Agatha Christie,Mystery
1275,Angels & Demons,Dan Brown,Thriller
1563,Harry Potter and the Philosopher's Stone,J.K. Rowling,Fantasy
363,Harry Potter and the Philosopher's Stone,J.K. Rowling,Fantasy
750,To Kill a Mockingbird,Harper Lee,Classic
1494,The Da Vinci Code,Dan Brown,Thriller
1027,Pride and Prejudice,Jane Austen,Classic
1031,The Catcher in the Rye,J.D. Salinger,Classic
1574,The Da Vinci Code,Dan Brown,Thriller
1336,The Girl with the Dragon Tattoo,Stieg Larsson,Crime
1754,The Da Vinci Code,Dan Brown,Thriller
1395,Angels & Demons,Dan Brown,Thriller
666,The Lord of the Rings,J.R.R. Tolkien,Fantasy
365,The Hobbit,J.R.R. Tolkien,Fantasy
1240,And Then There Were None,Agatha Christie,Mystery
78,The Little Prince,Antoine de Saint-Exupéry,Fiction
28,Sense and Sensibility,Jane Austen,Classic
1867,Pride and Prejudice,Jane Austen,Classic
526,The Lord of the Rings,J.R.R. Tolkien,Fantasy
726,The Lord of the Rings,J.R.R. Tolkien,Fantasy
56,The Girl with the Dragon Tattoo,Stieg Larsson,Crime
639,Murder on the Orient Express,Agatha Christie,Mystery
303,Harry Potter and the Philosopher's Stone,J.K. Rowling,Fantasy
719,Murder on the Orient Express,Agatha Christie,Mystery
1573,Fahrenheit 451,Ray Bradbury,Dystopian
625,The Hobbit,J.R.R. Tolkien,Fantasy
8,Sense and Sensibility,Jane Austen,Classic
1281,1984,George Orwell,Dystopian
804,Harry Potter and the Chamber of Secrets,J.K. Rowling,Fantasy
1050,To Kill a Mockingbird,Harper Lee,Classic
337,The Alchemist,Paulo Coelho,Fiction
48,Sense and Sensibility,Jane Austen,Classic
1922,Animal Farm,George Orwell,Political Satire
107,Pride and Prejudice,Jane Austen,Classic
350,To Kill a Mockingbird,Harper Lee,Classic
1080,And Then There Were None,Agatha Christie,Mystery
239,Murder on the Orient Express,Agatha Christie,Mystery
214,The Da Vinci Code,Dan Brown,Thriller
1145,The Hobbit,J.R.R. Tolkien,Fantasy
1620,And Then There Were None,Agatha Christie,Mystery
1474,The Da Vinci Code,Dan Brown,Thriller
794,The Da Vinci Code,Dan Brown,Thriller
1097,The Alchemist,Paulo Coelho,Fiction
1547,Pride and Prejudice,Jane Austen,Classic
1455,Angels & Demons,Dan Brown,Thriller
1371,The Catcher in the Rye,J.D. Salinger,Classic
346,The Lord of the Rings,J.R.R. Tolkien,Fantasy
524,Harry Potter and the Chamber of Secrets,J.K. Rowling,Fantasy
233,Fahrenheit 451,Ray Bradbury,Dystopian
645,The Hobbit,J.R.R. Tolkien,Fantasy
495,Angels & Demons,Dan Brown,Thriller
534,The Da Vinci Code,Dan Brown,Thriller
1957,The Alchemist,Paulo Coelho,Fiction
604,Harry Potter and the Chamber of Secrets,J.K. Rowling,Fantasy
1561,1984,George Orwell,Dystopian
1427,Pride and Prejudice,Jane Austen,Classic
1075,Angels & Demons,Dan Brown,Thriller
1691,The Catcher in the Rye,J.D. Salinger,Classic
61,1984,George Orwell,Dystopian
1634,The Da Vinci Code,Dan Brown,Thriller
93,Fahrenheit 451,Ray Bradbury,Dystopian
667,Pride and Prejudice,Jane Austen,Classic
1906,The Lord of the Rings,J.R.R. Tolkien,Fantasy
1454,The Da Vinci Code,Dan Brown,Thriller
281,1984,George Orwell,Dystopian
1789,The Great Gatsby,F. Scott Fitzgerald,Classic
360,And Then There Were None,Agatha Christie,Mystery
1463,Harry Potter and the Philosopher's Stone,J.K. Rowling,Fantasy
1398,The Little Prince,Antoine de Saint-Exupéry,Fiction
1513,Fahrenheit 451,Ray Bradbury,Dystopian
848,Sense and Sensibility,Jane Austen,Classic
1207,Pride and Prejudice,Jane Austen,Classic
1785,The Hobbit,J.R.R. Tolkien,Fantasy
111,The Catcher in the Rye,J.D. Salinger,Classic
43,Harry Potter and the Philosopher's Stone,J.K. Rowling,Fantasy
126,The Lord of the Rings,J.R.R. Tolkien,Fantasy
205,The Hobbit,J.R.R. Tolkien,Fantasy
53,Fahrenheit 451,Ray Bradbury,Dystopian
546,The Lord of the Rings,J.R.R. Tolkien,Fantasy
69,The Great Gatsby,F. Scott Fitzgerald,Classic
1472,Brave New World,Aldous Huxley,Dystopian
1732,Brave New World,Aldous Huxley,Dystopian
1606,The Lord of the Rings,J.R.R. Tolkien,Fantasy
1425,The Hobbit,J.R.R. Tolkien,Fantasy
184,Harry Potter and the Chamber of Secrets,J.K. Rowling,Fantasy
138,The Little Prince,Antoine de Saint-Exupéry,Fiction
900,And Then There Were None,Agatha Christie,Mystery
797,The Alchemist,Paulo Coelho,Fiction
133,Fahrenheit 451,Ray Bradbury,Dystopian
81,1984,George Orwell,Dystopian
1927,Pride and Prejudice,Jane Austen,Classic
1998,The Little Prince,Antoine de Saint-Exupéry,Fiction
542,Animal Farm,George Orwell,Political Satire
1020,And Then There Were None,Agatha Christie,Mystery
619,Murder on the Orient Express,Agatha Christie,Mystery
984,Harry Potter and the Chamber of Secrets,J.K. Rowling,Fantasy
166,The Lord of the Rings,J.R.R. Tolkien,Fantasy
249,The Great Gatsby,F. Scott Fitzgerald,Classic
1332,Brave New World,Aldous Huxley,Dystopian
447,Pride and Prejudice,Jane Austen,Classic
1488,Sense and Sensibility,Jane Austen,Classic
859,Murder on the Orient Express,Agatha Christie,Mystery
1359,Murder on the Orient Express,Agatha Christie,Mystery
1565,The Hobbit,J.R.R. Tolkien,Fantasy
98,The Little Prince,Antoine de Saint-Exupéry,Fiction
1697,The Alchemist,Paulo Coelho,Fiction
806,The Lord of the Rings,J.R.R. Tolkien,Fantasy
738,The Little Prince,Antoine de Saint-Exupéry,Fiction
1802,Animal Farm,George Orwell,Political Satire
1711,The Catcher in the Rye,J.D. Salinger,Classic
103,Harry Potter and the Philosopher's Stone,J.K. Rowling,Fantasy
435,Angels & Demons,Dan Brown,Thriller
75,Angels & Demons,Dan Brown,Thriller
578,The Little Prince,Antoine de Saint-Exupéry,Fiction
1552,Brave New World,Aldous Huxley,Dystopian
1899,Murder on the Orient Express,Agatha Christie,Mystery
1231,The Catcher in the Rye,J.D. Salinger,Classic
919,Murder on the Orient Express,Agatha Christie,Mystery
1327,Pride and Prejudice,Jane Austen,Classic
745,The Hobbit,J.R.R. Tolkien,Fantasy
621,1984,George Orwell,Dystopian
1488,Sense and Sensibility,Jane Austen,Classic
763,Harry Potter and the Philosopher's Stone,J.K. Rowling,Fantasy
990,To Kill a Mockingbird,Harper Lee,Classic
389,The Great Gatsby,F. Scott Fitzgerald,Classic
236,The Girl with the Dragon Tattoo,Stieg Larsson,Crime
1954,The Da Vinci Code,Dan Brown,Thriller
268,Sense and Sensibility,Jane Austen,Classic
1330,To Kill a Mockingbird,Harper Lee,Classic
1826,The Lord of the Rings,J.R.R. Tolkien,Fantasy
118,The Little Prince,Antoine de Saint-Exupéry,Fiction
438,The Little Prince,Antoine de Saint-Exupéry,Fiction
674,The Da Vinci Code,Dan Brown,Thriller
250,To Kill a Mockingbird,Harper Lee,Classic
1886,The Lord of the Rings,J.R.R. Tolkien,Fantasy
46,The Lord of the Rings,J.R.R. Tolkien,Fantasy
95,Angels & Demons,Dan Brown,Thriller
1595,Angels & Demons,Dan Brown,Thriller
34,The Da Vinci Code,Dan Brown,Thriller
1898,The Little Prince,Antoine de Saint-Exupéry,Fiction
240,And Then There Were None,Agatha Christie,Mystery
449,The Great Gatsby,F. Scott Fitzgerald,Classic
1470,To Kill a Mockingbird,Harper Lee,Classic
717,The Alchemist,Paulo Coelho,Fiction
545,The Hobbit,J.R.R. Tolkien,Fantasy
1969,The Great Gatsby,F. Scott Fitzgerald,Classic
1,1984,George Orwell,Dystopian
1855,Angels & Demons,Dan Brown,Thriller
1102,Animal Farm,George Orwell,Political Satire
1109,The Great Gatsby,F. Scott Fitzgerald,Classic
1582,Animal Farm,George Orwell,Political Satire
83,Harry Potter and the Philosopher's Stone,J.K. Rowling,Fantasy
1482,Animal Farm,George Orwell,Political Satire
1666,The Lord of the Rings,J.R.R. Tolkien,Fantasy
677,The Alchemist,Paulo Coelho,Fiction
1883,Harry Potter and the Philosopher's Stone,J.K. Rowling,Fantasy
1047,Pride and Prejudice,Jane Austen,Classic
1461,1984,George Orwell,Dystopian
771,The Catcher in the Rye,J.D. Salinger,Classic
1828,Sense and Sensibility,Jane Austen,Classic
1656,The Girl with the Dragon Tattoo,Stieg Larsson,Crime
518,The Little Prince,Antoine de Saint-Exupéry,Fiction
1934,The Da Vinci Code,Dan Brown,Thriller
405,The Hobbit,J.R.R. Tolkien,Fantasy
385,The Hobbit,J.R.R. Tolkien,Fantasy
1226,The Lord of the Rings,J.R.R. Tolkien,Fantasy
1700,And Then There Were None,Agatha Christie,Mystery
105,The Hobbit,J.R.R. Tolkien,Fantasy
1106,The Lord of the Rings,J.R.R. Tolkien,Fantasy
689,The Great Gatsby,F. Scott Fitzgerald,Classic
1692,Brave New World,Aldous Huxley,Dystopian
827,Pride and Prejudice,Jane Austen,Classic
1241,1984,George Orwell,Dystopian
63,Harry Potter and the Philosopher's Stone,J.K. Rowling,Fantasy
1306,The Lord of the Rings,J.R.R. Tolkien,Fantasy
853,Fahrenheit 451,Ray Bradbury,Dystopian
64,Harry Potter and the Chamber of Secrets,J.K. Rowling,Fantasy
1263,Harry Potter and the Philosopher's Stone,J.K. Rowling,Fantasy
224,Harry Potter and the Chamber of Secrets,J.K. Rowling,Fantasy
146,The Lord of the Rings,J.R.R. Tolkien,Fantasy
1089,The Great Gatsby,F. Scott Fitzgerald,Classic
374,The Da Vinci Code,Dan Brown,Thriller
1845,The Hobbit,J.R.R. Tolkien,Fantasy
1143,Harry Potter and the Philosopher's Stone,J.K. Rowling,Fantasy
415,Angels & Demons,Dan Brown,Thriller
1940,And Then There Were None,Agatha Christie,Mystery
1275,Angels & Demons,Dan Brown,Thriller
1266,The Lord of the Rings,J.R.R. Tolkien,Fantasy
362,Animal Farm,George Orwell,Political Satire
1642,Animal Farm,George Orwell,Political Satire
10,To Kill a Mockingbird,Harper Lee,Classic
450,To Kill a Mockingbird,Harper Lee,Classic
709,The Great Gatsby,F. Scott Fitzgerald,Classic
256,The Girl with the Dragon Tattoo,Stieg Larsson,Crime
883,Harry Potter and the Philosopher's Stone,J.K. Rowling,Fantasy
390,To Kill a Mockingbird,Harper Lee,Classic
1701,1984,George Orwell,Dystopian
1336,The Girl with the Dragon Tattoo,Stieg Larsson,Crime
909,The Great Gatsby,F. Scott Fitzgerald,Classic
925,The Hobbit,J.R.R. Tolkien,Fantasy
752,Brave New World,Aldous Huxley,Dystopian
1741,1984,George Orwell,Dystopian
461,1984,George Orwell,Dystopian
1641,1984,George Orwell,Dystopian
1225,The Hobbit,J.R.R. Tolkien,Fantasy
1169,The Great Gatsby,F. Scott Fitzgerald,Classic
959,Murder on the Orient Express,Agatha Christie,Mystery
502,Animal Farm,George Orwell,Political Satire
740,And Then There Were None,Agatha Christie,Mystery
41,1984,George Orwell,Dystopian
869,The Great Gatsby,F. Scott Fitzgerald,Classic
732,Brave New World,Aldous Huxley,Dystopian
540,And Then There Were None,Agatha Christie,Mystery
1202,Animal Farm,George Orwell,Political Satire
1340,And Then There Were None,Agatha Christie,Mystery
698,The Little Prince,Antoine de Saint-Exupéry,Fiction
1806,The Lord of the Rings,J.R.R. Tolkien,Fantasy
1784,Harry Potter and the Chamber of Secrets,J.K. Rowling,Fantasy
1372,Brave New World,Aldous Huxley,Dystopian
1146,The Lord of the Rings,J.R.R. Tolkien,Fantasy
1032,Brave New World,Aldous Huxley,Dystopian
373,Fahrenheit 451,Ray Bradbury,Dystopian
668,Sense and Sensibility,Jane Austen,Classic
1432,Brave New World,Aldous Huxley,Dystopian
1979,Murder on the Orient Express,Agatha Christie,Mystery
358,The Little Prince,Antoine de Saint-Exupéry,Fiction
968,Sense and Sensibility,Jane Austen,Classic
784,Harry Potter and the Chamber of Secrets,J.K. Rowling,Fantasy
736,The Girl with the Dragon Tattoo,Stieg Larsson,Crime
1354,The Da Vinci Code,Dan Brown,Thriller
1036,The Girl with the Dragon Tattoo,Stieg Larsson,Crime
971,The Catcher in the Rye,J.D. Salinger,Classic
1977,The Alchemist,Paulo Coelho,Fiction
367,Pride and Prejudice,Jane Austen,Classic
1243,Harry Potter and the Philosopher's Stone,J.K. Rowling,Fantasy
24,Harry Potter and the Chamber of Secrets,J.K. Rowling,Fantasy
1397,The Alchemist,Paulo Coelho,Fiction
1537,The Alchemist,Paulo Coelho,Fiction
1684,Harry Potter and the Chamber of Secrets,J.K. Rowling,Fantasy
1976,The Girl with the Dragon Tattoo,Stieg Larsson,Crime
1550,To Kill a Mockingbird,Harper Lee,Classic
1329,The Great Gatsby,F. Scott Fitzgerald,Classic
1748,Sense and Sensibility,Jane Austen,Classic
1936,The Girl with the Dragon Tattoo,Stieg Larsson,Crime
1426,The Lord of the Rings,J.R.R. Tolkien,Fantasy
1465,The Hobbit,J.R.R. Tolkien,Fantasy
1556,The Girl with the Dragon Tattoo,Stieg Larsson,Crime
1251,The Catcher in the Rye,J.D. Salinger,Classic
1253,Fahrenheit 451,Ray Bradbury,Dystopian
1785,The Hobbit,J.R.R. Tolkien,Fantasy
163,Harry Potter and the Philosopher's Stone,J.K. Rowling,Fantasy
1237,The Alchemist,Paulo Coelho,Fiction
886,The Lord of the Rings,J.R.R. Tolkien,Fantasy
80,And Then There Were None,Agatha Christie,Mystery
1173,Fahrenheit 451,Ray Bradbury,Dystopian
815,Angels & Demons,Dan Brown,Thriller
1661,1984,George Orwell,Dystopian
672,Brave New World,Aldous Huxley,Dystopian
1986,The Lord of the Rings,J.R.R. Tolkien,Fantasy
1818,The Little Prince,Antoine de Saint-Exupéry,Fiction
58,The Little Prince,Antoine de Saint-Exupéry,Fiction
134,The Da Vinci Code,Dan Brown,Thriller
1141,1984,George Orwell,Dystopian
934,The Da Vinci Code,Dan Brown,Thriller
929,The Great Gatsby,F. Scott Fitzgerald,Classic
824,Harry Potter and the Chamber of Secrets,J.K. Rowling,Fantasy
1433,Fahrenheit 451,Ray Bradbury,Dystopian
1767,Pride and Prejudice,Jane Austen,Classic
1532,Brave New World,Aldous Huxley,Dystopian
1215,Angels & Demons,Dan Brown,Thriller
505,The Hobbit,J.R.R. Tolkien,Fantasy
1625,The Hobbit,J.R.R. Tolkien,Fantasy
348,Sense and Sensibility,Jane Austen,Classic
387,Pride and Prejudice,Jane Austen,Classic
1025,The Hobbit,J.R.R. Tolkien,Fantasy
1385,The Hobbit,J.R.R. Tolkien,Fantasy
895,Angels & Demons,Dan Brown,Thriller
829,The Great Gatsby,F. Scott Fitzgerald,Classic
1542,Animal Farm,George Orwell,Political Satire
476,The Girl with the Dragon Tattoo,Stieg Larsson,Crime
1908,Sense and Sensibility,Jane Austen,Classic
1879,Murder on the Orient Express,Agatha Christie,Mystery
1810,To Kill a Mockingbird,Harper Lee,Classic
653,Fahrenheit 451,Ray Bradbury,Dystopian
173,Fahrenheit 451,Ray Bradbury,Dystopian
1475,Angels & Demons,Dan Brown,Thriller
1150,To Kill a Mockingbird,Harper Lee,Classic
39,Murder on the Orient Express,Agatha Christie,Mystery
1555,Angels & Demons,Dan Brown,Thriller
714,The Da Vinci Code,Dan Brown,Thriller
91,The Catcher in the Rye,J.D. Salinger,Classic
167,Pride and Prejudice,Jane Austen,Classic
1206,The Lord of the Rings,J.R.R. Tolkien,Fantasy
876,The Girl with the Dragon Tattoo,Stieg Larsson,Crime
1749,The Great Gatsby,F. Scott Fitzgerald,Classic
772,Brave New World,Aldous Huxley,Dystopian
744,Harry Potter and the Chamber of Secrets,J.K. Rowling,Fantasy
1094,The Da Vinci Code,Dan Brown,Thriller
1156,The Girl with the Dragon Tattoo,Stieg Larsson,Crime
1325,The Hobbit,J.R.R. Tolkien,Fantasy
1763,Harry Potter and the Philosopher's Stone,J.K. Rowling,Fantasy
1351,The Catcher in the Rye,J.D. Salinger,Classic
511,The Catcher in the Rye,J.D. Salinger,Classic
500,And Then There Were None,Agatha Christie,Mystery
1756,The Girl with the Dragon Tattoo,Stieg Larsson,Crime
1389,The Great Gatsby,F. Scott Fitzgerald,Classic
1520,And Then There Were None,Agatha Christie,Mystery
1672,Brave New World,Aldous Huxley,Dystopian
339,Murder on the Orient Express,Agatha Christie,Mystery
1557,The Alchemist,Paulo Coelho,Fiction
1189,The Great Gatsby,F. Scott Fitzgerald,Classic
29,The Great Gatsby,F. Scott Fitzgerald,Classic
1541,1984,George Orwell,Dystopian
1218,The Little Prince,Antoine de Saint-Exupéry,Fiction
1715,Angels & Demons,Dan Brown,Thriller
795,Angels & Demons,Dan Brown,Thriller
946,The Lord of the Rings,J.R.R. Tolkien,Fantasy
1911,The Catcher in the Rye,J.D. Salinger,Classic
170,To Kill a Mockingbird,Harper Lee,Classic
808,Sense and Sensibility,Jane Austen,Classic
1677,The Alchemist,Paulo Coelho,Fiction
1198,The Little Prince,Antoine de Saint-Exupéry,Fiction
1543,Harry Potter and the Philosopher's Stone,J.K. Rowling,Fantasy
1254,The Da Vinci Code,Dan Brown,Thriller
1812,Brave New World,Aldous Huxley,Dystopian
913,Fahrenheit 451,Ray Bradbury,Dystopian
492,Brave New World,Aldous Huxley,Dystopian
954,The Da Vinci Code,Dan Brown,Thriller
1098,The Little Prince,Antoine de Saint-Exupéry,Fiction
1033,Fahrenheit 451,Ray Bradbury,Dystopian
588,Sense and Sensibility,Jane Austen,Classic
751,The Catcher in the Rye,J.D. Salinger,Classic
658,The Little Prince,Antoine de Saint-Exupéry,Fiction
235,Angels & Demons,Dan Brown,Thriller
733,Fahrenheit 451,Ray Bradbury,Dystopian
1434,The Da Vinci Code,Dan Brown,Thriller
1187,Pride and Prejudice,Jane Austen,Classic
1157,The Alchemist,Paulo Coelho,Fiction
1978,The Little Prince,Antoine de Saint-Exupéry,Fiction
1851,The Catcher in the Rye,J.D. Salinger,Classic
788,Sense and Sensibility,Jane Austen,Classic
935,Angels & Demons,Dan Brown,Thriller
1210,To Kill a Mockingbird,Harper Lee,Classic
1066,The Lord of the Rings,J.R.R. Tolkien,Fantasy
1717,The Alchemist,Paulo Coelho,Fiction
109,The Great Gatsby,F. Scott Fitzgerald,Classic
1861,1984,George Orwell,Dystopian
569,The Great Gatsby,F. Scott Fitzgerald,Classic
1168,Sense and Sensibility,Jane Austen,Classic
1175,Angels & Demons,Dan Brown,Thriller
1589,The Great Gatsby,F. Scott Fitzgerald,Classic
1508,Sense and Sensibility,Jane Austen,Classic
1493,Fahrenheit 451,Ray Bradbury,Dystopian
891,The Catcher in the Rye,J.D. Salinger,Classic
948,Sense and Sensibility,Jane Austen,Classic
1049,The Great Gatsby,F. Scott Fitzgerald,Classic
1750,To Kill a Mockingbird,Harper Lee,Classic
1777,The Alchemist,Paulo Coelho,Fiction
1878,The Little Prince,Antoine de Saint-Exupéry,Fiction
885,The Hobbit,J.R.R. Tolkien,Fantasy
144,Harry Potter and the Chamber of Secrets,J.K. Rowling,Fantasy
1898,The Little Prince,Antoine de Saint-Exupéry,Fiction
1990,To Kill a Mockingbird,Harper Lee,Classic
851,The Catcher in the Rye,J.D. Salinger,Classic
1588,Sense and Sensibility,Jane Austen,Classic
1408,Sense and Sensibility,Jane Austen,Classic
735,Angels & Demons,Dan Brown,Thriller
718,The Little Prince,Antoine de Saint-Exupéry,Fiction
455,Angels & Demons,Dan Brown,Thriller
265,The Hobbit,J.R.R. Tolkien,Fantasy
76,The Girl with the Dragon Tattoo,Stieg Larsson,Crime
1257,The Alchemist,Paulo Coelho,Fiction
445,The Hobbit,J.R.R. Tolkien,Fantasy
396,The Girl with the Dragon Tattoo,Stieg Larsson,Crime
1863,Harry Potter and the Philosopher's Stone,J.K. Rowling,Fantasy
177,The Alchemist,Paulo Coelho,Fiction
1043,Harry Potter and the Philosopher's Stone,J.K. Rowling,Fantasy
121,1984,George Orwell,Dystopian
1647,Pride and Prejudice,Jane Austen,Classic
383,Harry Potter and the Philosopher's Stone,J.K. Rowling,Fantasy
257,The Alchemist,Paulo Coelho,Fiction
596,The Girl with the Dragon Tattoo,Stieg Larsson,Crime
62,Animal Farm,George Orwell,Political Satire
1297,The Alchemist,Paulo Coelho,Fiction
873,Fahrenheit 451,Ray Bradbury,Dystopian
1935,Angels & Demons,Dan Brown,Thriller
217,The Alchemist,Paulo Coelho,Fiction
279,Murder on the Orient Express,Agatha Christie,Mystery
1549,The Great Gatsby,F. Scott Fitzgerald,Classic
1719,Murder on the Orient Express,Agatha Christie,Mystery
1393,Fahrenheit 451,Ray Bradbury,Dystopian
37,The Alchemist,Paulo Coelho,Fiction
1567,Pride and Prejudice,Jane Austen,Classic
1965,The Hobbit,J.R.R. Tolkien,Fantasy
663,Harry Potter and the Philosopher's Stone,J.K. Rowling,Fantasy
1832,Brave New World,Aldous Huxley,Dystopian
1385,The Hobbit,J.R.R. Tolkien,Fantasy
1876,The Girl with the Dragon Tattoo,Stieg Larsson,Crime
978,The Little Prince,Antoine de Saint-Exupéry,Fiction
1572,Brave New World,Aldous Huxley,Dystopian
125,The Hobbit,J.R.R. Tolkien,Fantasy
1713,Fahrenheit 451,Ray Bradbury,Dystopian
739,Murder on the Orient Express,Agatha Christie,Mystery
192,Brave New World,Aldous Huxley,Dystopian
920,And Then There Were None,Agatha Christie,Mystery
457,The Alchemist,Paulo Coelho,Fiction
1418,The Little Prince,Antoine de Saint-Exupéry,Fiction
676,The Girl with the Dragon Tattoo,Stieg Larsson,Crime
761,1984,George Orwell,Dystopian
232,Brave New World,Aldous Huxley,Dystopian
1624,Harry Potter and the Chamber of Secrets,J.K. Rowling,Fantasy
729,The Great Gatsby,F. Scott Fitzgerald,Classic
1730,To Kill a Mockingbird,Harper Lee,Classic
1400,And Then There Were None,Agatha Christie,Mystery
413,Fahrenheit 451,Ray Bradbury,Dystopian
1099,Murder on the Orient Express,Agatha Christie,Mystery
1517,The Alchemist,Paulo Coelho,Fiction
1650,To Kill a Mockingbird,Harper Lee,Classic
1525,The Hobbit,J.R.R. Tolkien,Fantasy
826,The Lord of the Rings,J.R.R. Tolkien,Fantasy
1942,Animal Farm,George Orwell,Political Satire
617,The Alchemist,Paulo Coelho,Fiction
115,Angels & Demons,Dan Brown,Thriller
418,The Little Prince,Antoine de Saint-Exupéry,Fiction
306,The Lord of the Rings,J.R.R. Tolkien,Fantasy
1626,The Lord of the Rings,J.R.R. Tolkien,Fantasy
970,To Kill a Mockingbird,Harper Lee,Classic
605,The Hobbit,J.R.R. Tolkien,Fantasy
571,The Catcher in the Rye,J.D. Salinger,Classic
90,To Kill a Mockingbird,Harper Lee,Classic
849,The Great Gatsby,F. Scott Fitzgerald,Classic
1971,The Catcher in the Rye,J.D. Salinger,Classic
1076,The Girl with the Dragon Tattoo,Stieg Larsson,Crime
754,The Da Vinci Code,Dan Brown,Thriller
499,Murder on the Orient Express,Agatha Christie,Mystery
1277,The Alchemist,Paulo Coelho,Fiction
1326,The Lord of the Rings,J.R.R. Tolkien,Fantasy
1631,The Catcher in the Rye,J.D. Salinger,Classic
12,Brave New World,Aldous Huxley,Dystopian
397,The Alchemist,Paulo Coelho,Fiction
285,The Hobbit,J.R.R. Tolkien,Fantasy
1938,The Little Prince,Antoine de Saint-Exupéry,Fiction
1067,Pride and Prejudice,Jane Austen,Classic
1192,Brave New World,Aldous Huxley,Dystopian
1441,1984,George Orwell,Dystopian
1601,1984,George Orwell,Dystopian
950,To Kill a Mockingbird,Harper Lee,Classic
1698,The Little Prince,Antoine de Saint-Exupéry,Fiction
1451,The Catcher in the Rye,J.D. Salinger,Classic
691,The Catcher in the Rye,J.D. Salinger,Classic
858,The Little Prince,Antoine de Saint-Exupéry,Fiction
1569,The Great Gatsby,F. Scott Fitzgerald,Classic
1498,The Little Prince,Antoine de Saint-Exupéry,Fiction
197,The Alchemist,Paulo Coelho,Fiction
690,To Kill a Mockingbird,Harper Lee,Classic
1688,Sense and Sensibility,Jane Austen,Classic
852,Brave New World,Aldous Huxley,Dystopian
1499,Murder on the Orient Express,Agatha Christie,Mystery
160,And Then There Were None,Agatha Christie,Mystery
896,The Girl with the Dragon Tattoo,Stieg Larsson,Crime
1569,The Great Gatsby,F. Scott Fitzgerald,Classic
258,The Little Prince,Antoine de Saint-Exupéry,Fiction
1783,Harry Potter and the Philosopher's Stone,J.K. Rowling,Fantasy
336,The Girl with the Dragon Tattoo,Stieg Larsson,Crime
345,The Hobbit,J.R.R. Tolkien,Fantasy
1040,And Then There Were None,Agatha Christie,Mystery
516,The Girl with the Dragon Tattoo,Stieg Larsson,Crime
1349,The Great Gatsby,F. Scott Fitzgerald,Classic
1016,The Girl with the Dragon Tattoo,Stieg Larsson,Crime
769,The Great Gatsby,F. Scott Fitzgerald,Classic
1674,The Da Vinci Code,Dan Brown,Thriller
442,Animal Farm,George Orwell,Political Satire
1925,The Hobbit,J.R.R. Tolkien,Fantasy
762,Animal Farm,George Orwell,Political Satire
1247,Pride and Prejudice,Jane Austen,Classic
1204,Harry Potter and the Chamber of Secrets,J.K. Rowling,Fantasy
1904,Harry Potter and the Chamber of Secrets,J.K. Rowling,Fantasy
1124,Harry Potter and the Chamber of Secrets,J.K. Rowling,Fantasy
1782,Animal Farm,George Orwell,Political Satire
522,Animal Farm,George Orwell,Political Satire
1786,The Lord of the Rings,J.R.R. Tolkien,Fantasy
23,Harry Potter and the Philosopher's Stone,J.K. Rowling,Fantasy
357,The Alchemist,Paulo Coelho,Fiction
603,Harry Potter and the Philosopher's Stone,J.K. Rowling,Fantasy
1278,The Little Prince,Antoine de Saint-Exupéry,Fiction
1313,Fahrenheit 451,Ray Bradbury,Dystopian
1636,The Girl with the Dragon Tattoo,Stieg Larsson,Crime
551,The Catcher in the Rye,J.D. Salinger,Classic
341,1984,George Orwell,Dystopian
432,Brave New World,Aldous Huxley,Dystopian
474,The Da Vinci Code,Dan Brown,Thriller
218,The Little Prince,Antoine de Saint-Exupéry,Fiction
912,Brave New World,Aldous Huxley,Dystopian
1228,Sense and Sensibility,Jane Austen,Classic
1932,Brave New World,Aldous Huxley,Dystopian
1012,Brave New World,Aldous Huxley,Dystopian
958,The Little Prince,Antoine de Saint-Exupéry,Fiction
1774,The Da Vinci Code,Dan Brown,Thriller
94,The Da Vinci Code,Dan Brown,Thriller
1009,The Great Gatsby,F. Scott Fitzgerald,Classic
1071,The Catcher in the Rye,J.D. Salinger,Classic
1093,Fahrenheit 451,Ray Bradbury,Dystopian
1533,Fahrenheit 451,Ray Bradbury,Dystopian
1309,The Great Gatsby,F. Scott Fitzgerald,Classic
697,The Alchemist,Paulo Coelho,Fiction
1110,To Kill a Mockingbird,Harper Lee,Classic
997,The Alchemist,Paulo Coelho,Fiction
1459,Murder on the Orient Express,Agatha Christie,Mystery
1680,And Then There Were None,Agatha Christie,Mystery
154,The Da Vinci Code,Dan Brown,Thriller
1100,And Then There Were None,Agatha Christie,Mystery
247,Pride and Prejudice,Jane Austen,Classic
428,Sense and Sensibility,Jane Austen,Classic
790,To Kill a Mockingbird,Harper Lee,Classic
581,1984,George Orwell,Dystopian
1471,The Catcher in the Rye,J.D. Salinger,Classic
704,Harry Potter and the Chamber of Secrets,J.K. Rowling,Fantasy
1213,Fahrenheit 451,Ray Bradbury,Dystopian
1296,The Girl with the Dragon Tattoo,Stieg Larsson,Crime
897,The Alchemist,Paulo Coelho,Fiction
1261,1984,George Orwell,Dystopian
488,Sense and Sensibility,Jane Austen,Classic
1625,The Hobbit,J.R.R. Tolkien,Fantasy
560,And Then There Were None,Agatha Christie,Mystery
1142,Animal Farm,George Orwell,Political Satire
863,Harry Potter and the Philosopher's Stone,J.K. Rowling,Fantasy
1120,And Then There Were None,Agatha Christie,Mystery
802,Animal Farm,George Orwell,Political Satire
1775,Angels & Demons,Dan Brown,Thriller
513,Fahrenheit 451,Ray Bradbury,Dystopian
634,The Da Vinci Code,Dan Brown,Thriller
1919,Murder on the Orient Express,Agatha Christie,Mystery
1665,The Hobbit,J.R.R. Tolkien,Fantasy
1013,Fahrenheit 451,Ray Bradbury,Dystopian
1290,To Kill a Mockingbird,Harper Lee,Classic
1151,The Catcher in the Rye,J.D. Salinger,Classic
791,The Catcher in the Rye,J.D. Salinger,Classic
308,Sense and Sensibility,Jane Austen,Classic
117,The Alchemist,Paulo Coelho,Fiction
1498,The Little Prince,Antoine de Saint-Exupéry,Fiction
741,1984,George Orwell,Dystopian
1108,Sense and Sensibility,Jane Austen,Classic
1082,Animal Farm,George Orwell,Political Satire
1628,Sense and Sensibility,Jane Austen,Classic
1811,The Catcher in the Rye,J.D. Salinger,Classic
831,The Catcher in the Rye,J.D. Salinger,Classic
120,And Then There Were None,Agatha Christie,Mystery
657,The Alchemist,Paulo Coelho,Fiction
1503,Harry Potter and the Philosopher's Stone,J.K. Rowling,Fantasy
1090,To Kill a Mockingbird,Harper Lee,Classic
1005,The Hobbit,J.R.R. Tolkien,Fantasy
636,The Girl with the Dragon Tattoo,Stieg Larsson,Crime
370,To Kill a Mockingbird,Harper Lee,Classic
269,The Great Gatsby,F. Scott Fitzgerald,Classic
656,The Girl with the Dragon Tattoo,Stieg Larsson,Crime
974,The Da Vinci Code,Dan Brown,Thriller
936,The Girl with the Dragon Tattoo,Stieg Larsson,Crime
823,Harry Potter and the Philosopher's Stone,J.K. Rowling,Fantasy
867,Pride and Prejudice,Jane Austen,Classic
47,Pride and Prejudice,Jane Austen,Classic
1374,The Da Vinci Code,Dan Brown,Thriller
884,Harry Potter and the Chamber of Secrets,J.K. Rowling,Fantasy
992,Brave New World,Aldous Huxley,Dystopian
877,The Alchemist,Paulo Coelho,Fiction
774,The Da Vinci Code,Dan Brown,Thriller
1220,And Then There Were None,Agatha Christie,Mystery
1127,Pride and Prejudice,Jane Austen,Classic
5,The Hobbit,J.R.R. Tolkien,Fantasy
1279,Murder on the Orient Express,Agatha Christie,Mystery
1004,Harry Potter and the Chamber of Secrets,J.K. Rowling,Fantasy
1596,The Girl with the Dragon Tattoo,Stieg Larsson,Crime
307,Pride and Prejudice,Jane Austen,Classic
264,Harry Potter and the Chamber of Secrets,J.K. Rowling,Fantasy
412,Brave New World,Aldous Huxley,Dystopian
613,Fahrenheit 451,Ray Bradbury,Dystopian
444,Harry Potter and the Chamber of Secrets,J.K. Rowling,Fantasy
1003,Harry Potter and the Philosopher's Stone,J.K. Rowling,Fantasy
1078,The Little Prince,Antoine de Saint-Exupéry,Fiction
1966,The Lord of the Rings,J.R.R. Tolkien,Fantasy
838,The Little Prince,Antoine de Saint-Exupéry,Fiction
682,Animal Farm,George Orwell,Political Satire
1716,The Girl with the Dragon Tattoo,Stieg Larsson,Crime
305,The Hobbit,J.R.R. Tolkien,Fantasy
1366,The Lord of the Rings,J.R.R. Tolkien,Fantasy
1982,Animal Farm,George Orwell,Political Satire
314,The Da Vinci Code,Dan Brown,Thriller
150,To Kill a Mockingbird,Harper Lee,Classic
1149,The Great Gatsby,F. Scott Fitzgerald,Classic
1214,The Da Vinci Code,Dan Brown,Thriller
575,Angels & Demons,Dan Brown,Thriller
1722,Animal Farm,George Orwell,Political Satire
1689,The Great Gatsby,F. Scott Fitzgerald,Classic
51,The Catcher in the Rye,J.D. Salinger,Classic
375,Angels & Demons,Dan Brown,Thriller
727,Pride and Prejudice,Jane Austen,Classic
1824,Harry Potter and the Chamber of Secrets,J.K. Rowling,Fantasy
834,The Da Vinci Code,Dan Brown,Thriller
1378,The Little Prince,Antoine de Saint-Exupéry,Fiction
1116,The Girl with the Dragon Tattoo,Stieg Larsson,Crime
1167,Pride and Prejudice,Jane Austen,Classic
471,The Catcher in the Rye,J.D. Salinger,Classic
1907,Pride and Prejudice,Jane Austen,Classic
972,Brave New World,Aldous Huxley,Dystopian
654,The Da Vinci Code,Dan Brown,Thriller
400,And Then There Were None,Agatha Christie,Mystery
512,Brave New World,Aldous Huxley,Dystopian
1538,The Little Prince,Antoine de Saint-Exupéry,Fiction
321,1984,George Orwell,Dystopian
20,And Then There Were None,Agatha Christie,Mystery
685,The Hobbit,J.R.R. Tolkien,Fantasy
36,The Girl with the Dragon Tattoo,Stieg Larsson,Crime
1849,The Great Gatsby,F. Scott Fitzgerald,Classic
903,Harry Potter and the Philosopher's Stone,J.K. Rowling,Fantasy
1325,The Hobbit,J.R.R. Tolkien,Fantasy
828,Sense and Sensibility,Jane Austen,Classic
525,The Hobbit,J.R.R. Tolkien,Fantasy
408,Sense and Sensibility,Jane Austen,Classic
921,1984,George Orwell,Dystopian
1842,Animal Farm,George Orwell,Political Satire
1891,The Catcher in the Rye,J.D. Salinger,Classic
538,The Little Prince,Antoine de Saint-Exupéry,Fiction
759,Murder on the Orient Express,Agatha Christie,Mystery
1706,The Lord of the Rings,J.R.R. Tolkien,Fantasy
1311,The Catcher in the Rye,J.D. Salinger,Classic
1063,Harry Potter and the Philosopher's Stone,J.K. Rowling,Fantasy
1200,And Then There Were None,Agatha Christie,Mystery
246,The Lord of the Rings,J.R.R. Tolkien,Fantasy
1835,Angels & Demons,Dan Brown,Thriller
1417,The Alchemist,Paulo Coelho,Fiction
1953,Fahrenheit 451,Ray Bradbury,Dystopian
1128,Sense and Sensibility,Jane Austen,Classic
785,The Hobbit,J.R.R. Tolkien,Fantasy
1410,To Kill a Mockingbird,Harper Lee,Classic
490,To Kill a Mockingbird,Harper Lee,Classic
155,Angels & Demons,Dan Brown,Thriller
1663,Harry Potter and the Philosopher's Stone,J.K. Rowling,Fantasy
962,Animal Farm,George Orwell,Political Satire
1687,Pride and Prejudice,Jane Austen,Classic
854,The Da Vinci Code,Dan Brown,Thriller
1967,Pride and Prejudice,Jane Austen,Classic
1312,Brave New World,Aldous Huxley,Dystopian
626,The Lord of the Rings,J.R.R. Tolkien,Fantasy
1816,The Girl with the Dragon Tattoo,Stieg Larsson,Crime
686,The Lord of the Rings,J.R.R. Tolkien,Fantasy
1064,Harry Potter and the Chamber of Secrets,J.K. Rowling,Fantasy
30,To Kill a Mockingbird,Harper Lee,Classic
570,To Kill a Mockingbird,Harper Lee,Classic
566,The Lord of the Rings,J.R.R. Tolkien,Fantasy
1759,Murder on the Orient Express,Agatha Christie,Mystery
100,And Then There Were None,Agatha Christie,Mystery
1817,The Alchemist,Paulo Coelho,Fiction
18,The Little Prince,Antoine de Saint-Exupéry,Fiction
128,Sense and Sensibility,Jane Austen,Classic
1347,Pride and Prejudice,Jane Austen,Classic
1280,And Then There Were None,Agatha Christie,Mystery
631,The Catcher in the Rye,J.D. Salinger,Classic
939,Murder on the Orient Express,Agatha Christie,Mystery
928,Sense and Sensibility,Jane Austen,Classic
981,1984,George Orwell,Dystopian
253,Fahrenheit 451,Ray Bradbury,Dystopian
191,The Catcher in the Rye,J.D. Salinger,Classic
1140,And Then There Were None,Agatha Christie,Mystery
993,Fahrenheit 451,Ray Bradbury,Dystopian
700,And Then There Were None,Agatha Christie,Mystery
1123,Harry Potter and the Philosopher's Stone,J.K. Rowling,Fantasy
607,Pride and Prejudice,Jane Austen,Classic
181,1984,George Orwell,Dystopian
302,Animal Farm,George Orwell,Political Satire
497,The Alchemist,Paulo Coelho,Fiction
1373,Fahrenheit 451,Ray Bradbury,Dystopian
280,And Then There Were None,Agatha Christie,Mystery
1061,1984,George Orwell,Dystopian
212,Brave New World,Aldous Huxley,Dystopian
1070,To Kill a Mockingbird,Harper Lee,Classic
1244,Harry Potter and the Chamber of Secrets,J.K. Rowling,Fantasy
17,The Alchemist,Paulo Coelho,Fiction
1302,Animal Farm,George Orwell,Political Satire
547,Pride and Prejudice,Jane Austen,Classic
659,Murder on the Orient Express,Agatha Christie,Mystery
325,The Hobbit,J.R.R. Tolkien,Fantasy
994,The Da Vinci Code,Dan Brown,Thriller
1505,The Hobbit,J.R.R. Tolkien,Fantasy
960,And Then There Were None,Agatha Christie,Mystery
798,The Little Prince,Antoine de Saint-Exupéry,Fiction
226,The Lord of the Rings,J.R.R. Tolkien,Fantasy
1800,And Then There Were None,Agatha Christie,Mystery
496,The Girl with the Dragon Tattoo,Stieg Larsson,Crime
1694,The Da Vinci Code,Dan Brown,Thriller
1046,The Lord of the Rings,J.R.R. Tolkien,Fantasy
470,To Kill a Mockingbird,Harper Lee,Classic
955,Angels & Demons,Dan Brown,Thriller
1466,The Lord of the Rings,J.R.R. Tolkien,Fantasy
640,And Then There Were None,Agatha Christie,Mystery
530,To Kill a Mockingbird,Harper Lee,Classic
1219,Murder on the Orient Express,Agatha Christie,Mystery
1159,Murder on the Orient Express,Agatha Christie,Mystery
1416,The Girl with the Dragon Tattoo,Stieg Larsson,Crime
1692,Brave New World,Aldous Huxley,Dystopian
1528,Sense and Sensibility,Jane Austen,Classic
539,Murder on the Orient Express,Agatha Christie,Mystery
1301,1984,George Orwell,Dystopian
174,The Da Vinci Code,Dan Brown,Thriller
1604,Harry Potter and the Chamber of Secrets,J.K. Rowling,Fantasy
161,1984,George Orwell,Dystopian
1705,The Hobbit,J.R.R. Tolkien,Fantasy
957,The Alchemist,Paulo Coelho,Fiction
1351,The Catcher in the Rye,J.D. Salinger,Classic
878,The Little Prince,Antoine de Saint-Exupéry,Fiction
1920,And Then There Were None,Agatha Christie,Mystery
1885,The Hobbit,J.R.R. Tolkien,Fantasy
99,Murder on the Orient Express,Agatha Christie,Mystery
1839,Murder on the Orient Express,Agatha Christie,Mystery
254,The Da Vinci Code,Dan Brown,Thriller
104,Harry Potter and the Chamber of Secrets,J.K. Rowling,Fantasy
1446,The Lord of the Rings,J.R.R. Tolkien,Fantasy
1444,Harry Potter and the Chamber of Secrets,J.K. Rowling,Fantasy
1649,The Great Gatsby,F. Scott Fitzgerald,Classic
587,Pride and Prejudice,Jane Austen,Classic
628,Sense and Sensibility,Jane Austen,Classic
1697,The Alchemist,Paulo Coelho,Fiction
404,Harry Potter and the Chamber of Secrets,J.K. Rowling,Fantasy
1155,Angels & Demons,Dan Brown,Thriller
1683,Harry Potter and the Philosopher's Stone,J.K. Rowling,Fantasy
1245,The Hobbit,J.R.R. Tolkien,Fantasy
1991,The Catcher in the Rye,J.D. Salinger,Classic
453,Fahrenheit 451,Ray Bradbury,Dystopian
1328,Sense and Sensibility,Jane Austen,Classic
1609,The Great Gatsby,F. Scott Fitzgerald,Classic
881,1984,George Orwell,Dystopian
553,Fahrenheit 451,Ray Bradbury,Dystopian
624,Harry Potter and the Chamber of Secrets,J.K. Rowling,Fantasy
1788,Sense and Sensibility,Jane Austen,Classic
263,Harry Potter and the Philosopher's Stone,J.K. Rowling,Fantasy
1635,Angels & Demons,Dan Brown,Thriller
1439,Murder on the Orient Express,Agatha Christie,Mystery
1970,To Kill a Mockingbird,Harper Lee,Classic
1803,Harry Potter and the Philosopher's Stone,J.K. Rowling,Fantasy
641,1984,George Orwell,Dystopian
783,Harry Potter and the Philosopher's Stone,J.K. Rowling,Fantasy
1960,And Then There Were None,Agatha Christie,Mystery
489,The Great Gatsby,F. Scott Fitzgerald,Classic
1844,Harry Potter and the Chamber of Secrets,J.K. Rowling,Fantasy
1735,Angels & Demons,Dan Brown,Thriller
147,Pride and Prejudice,Jane Austen,Classic
1535,Angels & Demons,Dan Brown,Thriller
1987,Pride and Prejudice,Jane Austen,Classic
1370,To Kill a Mockingbird,Harper Lee,Classic
1424,Harry Potter and the Chamber of Secrets,J.K. Rowling,Fantasy
660,And Then There Were None,Agatha Christie,Mystery
1795,Angels & Demons,Dan Brown,Thriller
187,Pride and Prejudice,Jane Austen,Classic
1148,Sense and Sensibility,Jane Austen,Classic
609,The Great Gatsby,F. Scott Fitzgerald,Classic
1931,The Catcher in the Rye,J.D. Salinger,Classic
198,The Little Prince,Antoine de Saint-Exupéry,Fiction
294,The Da Vinci Code,Dan Brown,Thriller
767,Pride and Prejudice,Jane Austen,Classic
401,1984,George Orwell,Dystopian
123,Harry Potter and the Philosopher's Stone,J.K. Rowling,Fantasy
203,Harry Potter and the Philosopher's Stone,J.K. Rowling,Fantasy
836,The Girl with the Dragon Tattoo,Stieg Larsson,Crime
1440,And Then There Were None,Agatha Christie,Mystery
1734,The Da Vinci Code,Dan Brown,Thriller
1696,The Girl with the Dragon Tattoo,Stieg Larsson,Crime
1708,Sense and Sensibility,Jane Austen,Classic
1028,Sense and Sensibility,Jane Austen,Classic
1154,The Da Vinci Code,Dan Brown,Thriller
1662,Animal Farm,George Orwell,Political Satire
1760,And Then There Were None,Agatha Christie,Mystery
855,Angels & Demons,Dan Brown,Thriller
1590,To Kill a Mockingbird,Harper Lee,Classic
642,Animal Farm,George Orwell,Political Satire
2,Animal Farm,George Orwell,Political Satire
699,Murder on the Orient Express,Agatha Christie,Mystery
1637,The Alchemist,Paulo Coelho,Fiction
1292,Brave New World,Aldous Huxley,Dystopian
50,To Kill a Mockingbird,Harper Lee,Classic
1521,1984,George Orwell,Dystopian
1854,The Da Vinci Code,Dan Brown,Thriller
1137,The Alchemist,Paulo Coelho,Fiction
1935,Angels & Demons,Dan Brown,Thriller
1632,Brave New World,Aldous Huxley,Dystopian
1999,Murder on the Orient Express,Agatha Christie,Mystery
664,Harry Potter and the Chamber of Secrets,J.K. Rowling,Fantasy
684,Harry Potter and the Chamber of Secrets,J.K. Rowling,Fantasy
1258,The Little Prince,Antoine de Saint-Exupéry,Fiction
318,The Little Prince,Antoine de Saint-Exupéry,Fiction
649,The Great Gatsby,F. Scott Fitzgerald,Classic
1435,Angels & Demons,Dan Brown,Thriller
1480,And Then There Were None,Agatha Christie,Mystery
710,To Kill a Mockingbird,Harper Lee,Classic
1283,Harry Potter and the Philosopher's Stone,J.K. Rowling,Fantasy
1769,The Great Gatsby,F. Scott Fitzgerald,Classic
973,Fahrenheit 451,Ray Bradbury,Dystopian
1307,Pride and Prejudice,Jane Austen,Classic
1401,1984,George Orwell,Dystopian
1409,The Great Gatsby,F. Scott Fitzgerald,Classic
1497,The Alchemist,Paulo Coelho,Fiction
1079,Murder on the Orient Express,Agatha Christie,Mystery
1530,To Kill a Mockingbird,Harper Lee,Classic
1664,Harry Potter and the Chamber of Secrets,J.K. Rowling,Fantasy
1355,Angels & Demons,Dan Brown,Thriller
1395,Angels & Demons,Dan Brown,Thriller
79,Murder on the Orient Express,Agatha Christie,Mystery
1644,Harry Potter and the Chamber of Secrets,J.K. Rowling,Fantasy
1052,Brave New World,Aldous Huxley,Dystopian
796,The Girl with the Dragon Tattoo,Stieg Larsson,Crime
1598,The Little Prince,Antoine de Saint-Exupéry,Fiction
1820,And Then There Were None,Agatha Christie,Mystery
1723,Harry Potter and the Philosopher's Stone,J.K. Rowling,Fantasy
1184,Harry Potter and the Chamber of Secrets,J.K. Rowling,Fantasy
1060,And Then There Were None,Agatha Christie,Mystery
541,1984,George Orwell,Dystopian
1679,Murder on the Orient Express,Agatha Christie,Mystery
1758,The Little Prince,Antoine de Saint-Exupéry,Fiction
1924,Harry Potter and the Chamber of Secrets,J.K. Rowling,Fantasy
96,The Girl with the Dragon Tattoo,Stieg Larsson,Crime
1021,1984,George Orwell,Dystopian
564,Harry Potter and the Chamber of Secrets,J.K. Rowling,Fantasy
864,Harry Potter and the Chamber of Secrets,J.K. Rowling,Fantasy
1485,The Hobbit,J.R.R. Tolkien,Fantasy
1882,Animal Farm,George Orwell,Political Satire
1039,Murder on the Orient Express,Agatha Christie,Mystery
207,Pride and Prejudice,Jane Austen,Classic
393,Fahrenheit 451,Ray Bradbury,Dystopian
871,The Catcher in the Rye,J.D. Salinger,Classic
398,The Little Prince,Antoine de Saint-Exupéry,Fiction
290,To Kill a Mockingbird,Harper Lee,Classic
1029,The Great Gatsby,F. Scott Fitzgerald,Classic
1486,The Lord of the Rings,J.R.R. Tolkien,Fantasy
961,1984,George Orwell,Dystopian
1571,The Catcher in the Rye,J.D. Salinger,Classic
1896,The Girl with the Dragon Tattoo,Stieg Larsson,Crime
655,Angels & Demons,Dan Brown,Thriller
805,The Hobbit,J.R.R. Tolkien,Fantasy
1752,Brave New World,Aldous Huxley,Dystopian
503,Harry Potter and the Philosopher's Stone,J.K. Rowling,Fantasy
780,And Then There Were None,Agatha Christie,Mystery
1864,Harry Potter and the Chamber of Secrets,J.K. Rowling,Fantasy
201,1984,George Orwell,Dystopian
1819,Murder on the Orient Express,Agatha Christie,Mystery
282,Animal Farm,George Orwell,Political Satire
1797,The Alchemist,Paulo Coelho,Fiction
379,Murder on the Orient Express,Agatha Christie,Mystery
419,Murder on the Orient Express,Agatha Christie,Mystery
1699,Murder on the Orient Express,Agatha Christie,Mystery
392,Brave New World,Aldous Huxley,Dystopian
1523,Harry Potter and the Philosopher's Stone,J.K. Rowling,Fantasy
1163,Harry Potter and the Philosopher's Stone,J.K. Rowling,Fantasy
1496,The Girl with the Dragon Tattoo,Stieg Larsson,Crime
965,The Hobbit,J.R.R. Tolkien,Fantasy
1153,Fahrenheit 451,Ray Bradbury,Dystopian
1368,Sense and Sensibility,Jane Austen,Classic
65,The Hobbit,J.R.R. Tolkien,Fantasy
1622,Animal Farm,George Orwell,Political Satire
1181,1984,George Orwell,Dystopian
493,Fahrenheit 451,Ray Bradbury,Dystopian
380,And Then There Were None,Agatha Christie,Mystery
764,Harry Potter and the Chamber of Secrets,J.K. Rowling,Fantasy
792,Brave New World,Aldous Huxley,Dystopian
1077,The Alchemist,Paulo Coelho,Fiction
879,Murder on the Orient Express,Agatha Christie,Mystery
338,The Little Prince,Antoine de Saint-Exupéry,Fiction
1017,The Alchemist,Paulo Coelho,Fiction
1276,The Girl with the Dragon Tattoo,Stieg Larsson,Crime
456,The Girl with the Dragon Tattoo,Stieg Larsson,Crime
816,The Girl with the Dragon Tattoo,Stieg Larsson,Crime
996,The Girl with the Dragon Tattoo,Stieg Larsson,Crime
1982,Animal Farm,George Orwell,Political Satire
202,Animal Farm,George Orwell,Political Satire
162,Animal Farm,George Orwell,Political Satire
1580,And Then There Were None,Agatha Christie,Mystery
703,Harry Potter and the Philosopher's Stone,J.K. Rowling,Fantasy
1501,1984,George Orwell,Dystopian
1130,To Kill a Mockingbird,Harper Lee,Classic
1022,Animal Farm,George Orwell,Political Satire
1586,The Lord of the Rings,J.R.R. Tolkien,Fantasy
1956,The Girl with the Dragon Tattoo,Stieg Larsson,Crime
480,And Then There Were None,Agatha Christie,Mystery
35,Angels & Demons,Dan Brown,Thriller
776,The Girl with the Dragon Tattoo,Stieg Larsson,Crime
1479,Murder on the Orient Express,Agatha Christie,Mystery
1391,The Catcher in the Rye,J.D. Salinger,Classic
1545,The Hobbit,J.R.R. Tolkien,Fantasy
1364,Harry Potter and the Chamber of Secrets,J.K. Rowling,Fantasy
1928,Sense and Sensibility,Jane Austen,Classic
242,Animal Farm,George Orwell,Political Satire
679,Murder on the Orient Express,Agatha Christie,Mystery
601,1984,George Orwell,Dystopian
1298,The Little Prince,Antoine de Saint-Exupéry,Fiction
702,Animal Farm,George Orwell,Political Satire
112,Brave New World,Aldous Huxley,Dystopian
647,Pride and Prejudice,Jane Austen,Classic
1529,The Great Gatsby,F. Scott Fitzgerald,Classic
1268,Sense and Sensibility,Jane Austen,Classic
1900,And Then There Were None,Agatha Christie,Mystery
563,Harry Potter and the Philosopher's Stone,J.K. Rowling,Fantasy
190,To Kill a Mockingbird,Harper Lee,Classic
1807,Pride and Prejudice,Jane Austen,Classic
976,The Girl with the Dragon Tattoo,Stieg Larsson,Crime
890,To Kill a Mockingbird,Harper Lee,Classic
1083,Harry Potter and the Philosopher's Stone,J.K. Rowling,Fantasy
475,Angels & Demons,Dan Brown,Thriller
748,Sense and Sensibility,Jane Austen,Classic
22,Animal Farm,George Orwell,Political Satire
460,And Then There Were None,Agatha Christie,Mystery
1185,The Hobbit,J.R.R. Tolkien,Fantasy
956,The Girl with the Dragon Tattoo,Stieg Larsson,Crime
1216,The Girl with the Dragon Tattoo,Stieg Larsson,Crime
1516,The Girl with the Dragon Tattoo,Stieg Larsson,Crime
770,To Kill a Mockingbird,Harper Lee,Classic
1686,The Lord of the Rings,J.R.R. Tolkien,Fantasy
131,The Catcher in the Rye,J.D. Salinger,Classic
1224,Harry Potter and the Chamber of Secrets,J.K. Rowling,Fantasy
1483,Harry Potter and the Philosopher's Stone,J.K. Rowling,Fantasy
331,The Catcher in the Rye,J.D. Salinger,Classic
1239,Murder on the Orient Express,Agatha Christie,Mystery
467,Pride and Prejudice,Jane Austen,Classic
1768,Sense and Sensibility,Jane Austen,Classic
1639,Murder on the Orient Express,Agatha Christie,Mystery
1096,The Girl with the Dragon Tattoo,Stieg Larsson,Crime
1131,The Catcher in the Rye,J.D. Salinger,Classic
1295,Angels & Demons,Dan Brown,Thriller
861,1984,George Orwell,Dystopian
